gene	p_val	avg_log2FC	pct.1	pct.2	p_val_adj	pct.diff
TXNIP	1.4054681097161404e-230	1.4861307135195037	0.93	0.727	4.713658946365992e-226	0.20300000000000007
XIST	5.078869463371035e-47	0.5719623965449205	0.434	0.233	1.7033512406253777e-42	0.20099999999999998
PRDM1	5.143608066463291e-84	0.8966572020025299	0.665	0.474	1.7250632733304585e-79	0.19100000000000006
CCR4	1.2259325310009532e-57	0.7204347131894366	0.273	0.114	4.111532522470997e-53	0.15900000000000003
LUZP1	2.805630495203127e-57	0.8261091350904002	0.565	0.418	9.409523554812248e-53	0.14699999999999996
ANXA1	6.689020606025258e-51	0.7027084397821435	0.812	0.671	2.243363730848751e-46	0.14100000000000001
ATP1B1	4.3199839055753696e-45	0.6979303169557325	0.222	0.089	1.4488362022518674e-40	0.133
ANK3	8.917949183896981e-54	0.6171759318969903	0.188	0.061	2.9909017972953697e-49	0.127
PTGER4	5.528352645482232e-37	0.6489437270412232	0.44	0.318	1.854098910241831e-32	0.122
RTKN2	1.5623859157787328e-35	0.693330968963459	0.217	0.098	5.239929884338714e-31	0.119
CD69	2.6885520894794514e-32	0.7089371424320274	0.387	0.271	9.016865997696183e-28	0.11599999999999999
SMAP2	1.3233451028444455e-66	0.6412054857776712	0.831	0.717	4.4382348059197015e-62	0.11399999999999999
SYNE2	3.376209093815666e-63	0.8013448352214554	0.744	0.63	1.132313005883898e-58	0.11399999999999999
ZFP36L2	6.484214793960521e-251	1.305901842896274	0.977	0.868	2.1746759575984797e-246	0.10899999999999999
FKBP5	8.3485450463888105e-50	0.5511528403109165	0.749	0.645	2.7999350376578794e-45	0.10399999999999998
IL6ST	1.4625706753971264e-22	0.5202034897968819	0.294	0.194	4.905169531146883e-18	0.09999999999999998
LSR	6.339371396539816e-24	0.40172045624760294	0.206	0.108	2.1260983789715236e-19	0.09799999999999999
ARID5B	8.57721088715992e-55	0.7907915549286262	0.683	0.586	2.876624987335694e-50	0.09700000000000009
SOCS1	9.893191977384169e-22	0.5228582818850267	0.326	0.23	3.317978725375103e-17	0.096
TUBA1B	5.26570527143129e-44	0.6032384420067574	0.695	0.599	1.766012233932626e-39	0.09599999999999997
PARP8	7.86701924153745e-30	0.6381858109213501	0.434	0.338	2.63844091322683e-25	0.09599999999999997
UGP2	1.0061119708829444e-34	0.7498953827086583	0.485	0.391	3.374298327947219e-30	0.09399999999999997
CRYBG1	1.9857027301023544e-23	0.5759046324489783	0.213	0.12	6.659649816217276e-19	0.093
IL7R	1.0017909293003286e-140	0.8541291170935175	0.988	0.895	3.359806418687442e-136	0.09299999999999997
PPP1CB	9.107204266964971e-52	0.7184962966382362	0.639	0.548	3.054374167054712e-47	0.09099999999999997
AL136454.1	5.392037227293738e-36	0.449858820188506	0.136	0.046	1.8083814452897739e-31	0.09000000000000001
AC136475.3	1.0267167658104086e-27	0.4496315168556398	0.162	0.072	3.4434026891749484e-23	0.09000000000000001
HPGD	1.1405414994195399e-15	0.4629475299085759	0.43	0.34	3.825148080753253e-11	0.08999999999999997
CCL22	4.477673850684643e-28	0.344176619284837	0.148	0.059	1.5017222560426155e-23	0.089
KLF9	1.1674703602518155e-19	0.44909288602682607	0.194	0.112	3.915462094212539e-15	0.082
PTK2B	1.9084558045062845e-18	0.4302822794419929	0.177	0.099	6.400579077153177e-14	0.07799999999999999
CMTM8	2.4285962652583108e-23	0.3903802241404811	0.13	0.054	8.145026154423322e-19	0.07600000000000001
TUBA4A	1.226606777184206e-35	0.6771998269524948	0.6	0.525	4.1137938093203905e-31	0.07499999999999996
OSBPL8	4.784914330485784e-37	0.7766250808882176	0.534	0.462	1.6047645681583224e-32	0.07200000000000001
NFKBIA	1.90543809159377e-28	0.6590349701713005	0.53	0.458	6.390458271587186e-24	0.07200000000000001
ZBTB16	2.990887369576963e-27	0.33181073271425326	0.109	0.037	1.0030838060087219e-22	0.07200000000000001
GLIPR1	9.920829768734091e-41	0.687481129508255	0.618	0.548	3.3272478878380394e-36	0.06999999999999995
ADTRP	3.53260772110344e-20	0.3362520367857759	0.116	0.049	1.1847659775036718e-15	0.067
RASGRP2	1.3242931716558079e-15	0.38015912208422153	0.143	0.077	4.441414439099249e-11	0.06599999999999999
CAMK1D	5.520688991942243e-18	0.33740356995557425	0.112	0.05	1.8515286741175893e-13	0.062
DGKH	7.897631026796532e-15	0.43182797348660773	0.132	0.071	2.648707493767021e-10	0.06100000000000001
CYSLTR1	4.821261737870303e-9	0.3770920279115738	0.234	0.178	1.616954761646942e-4	0.05600000000000002
MFHAS1	1.894813131776226e-16	0.42460230042233316	0.525	0.471	6.354824281351107e-12	0.05400000000000005
AQP3	6.836323563939131e-9	0.3813980648070807	0.202	0.148	2.2927661968739059e-4	0.05400000000000002
HDAC9	8.726674694976131e-13	0.28350713328445487	0.108	0.055	2.9267521592010948e-8	0.053
BCL2	2.1850815757045735e-11	0.3526246231267429	0.12	0.068	7.328326588597998e-7	0.05199999999999999
ZFP36	2.891357943555292e-16	0.2728018043696012	0.535	0.484	9.697036271095739e-12	0.051000000000000045
PPP1R3B	8.706352775707922e-13	0.28185472711102627	0.101	0.051	2.919936593916923e-8	0.05000000000000001
MRPL1	1.3975981136095498e-11	0.5532416165572392	0.318	0.268	4.687264553423708e-7	0.04999999999999999
DDIT4	1.5670000284349837e-20	0.523063781874469	0.592	0.543	5.255404695365249e-16	0.04899999999999993
MPP6	4.852031080708074e-11	0.2837896180187483	0.103	0.055	1.6272741838478738e-6	0.047999999999999994
IL18R1	3.165975039356602e-8	0.3560797231727969	0.183	0.136	0.001061804708699417	0.046999999999999986
GIMAP6	5.141029818971466e-9	0.3729757421306438	0.288	0.244	1.7241985806866502e-4	0.043999999999999984
MYBL1	1.399339094296945e-7	0.31327821591195837	0.142	0.098	0.004693103454453094	0.043999999999999984
ZNF831	3.5018664178425705e-10	0.4506901563521325	0.307	0.265	1.1744559592160412e-5	0.04199999999999998
CCND3	1.13051469008966e-9	0.40749442068157604	0.303	0.262	3.791520167622702e-5	0.04099999999999998
CDC14A	3.489448220691209e-7	0.376005392386793	0.169	0.129	0.011702911442554175	0.04000000000000001
SH3YL1	5.904175089569781e-7	0.26000230864481105	0.134	0.094	0.01980142241539913	0.04000000000000001
SLC39A10	8.572975872134125e-7	0.37418630358007104	0.203	0.165	0.028752046479963426	0.038000000000000006
CD9	1.148882524634265e-5	0.2689860669297186	0.223	0.185	0.3853122211118398	0.038000000000000006
LPAR6	6.707518861585669e-13	0.4158955688803525	0.479	0.441	2.249567675798602e-8	0.03799999999999998
FAM241A	3.8637147363915535e-11	0.46426854619969027	0.349	0.311	1.295812648290999e-6	0.03799999999999998
RSBN1	2.7434178185709723e-14	0.49629965433341994	0.391	0.354	9.200874679923327e-10	0.03700000000000003
PCSK1N	1.2665822562843037e-6	0.2589814479484675	0.103	0.066	0.04247863571126298	0.03699999999999999
OTUD1	4.8399911433462425e-6	0.30208178197091706	0.178	0.142	0.16232362296554628	0.036000000000000004
IPCEF1	9.767236221949663e-6	0.32822170294990555	0.141	0.105	0.3275735684117478	0.03599999999999999
IL10RA	1.897689940992775e-13	0.47817312964318215	0.415	0.379	6.364472524101569e-9	0.035999999999999976
PGGHG	3.2596100415029506e-5	0.25469278430250186	0.139	0.105	1	0.034000000000000016
HELB	7.9428788979548e-6	0.32344024558315376	0.201	0.167	0.2663882724796081	0.034
BNIP3	2.8319124535610205e-5	0.2580615367208915	0.143	0.11	0.949766798675295	0.03299999999999999
FAM102A	1.483429498130796e-9	0.40700396405018724	0.36	0.327	4.9751258508310636e-5	0.032999999999999974
SYPL1	1.0298843536736743e-7	0.384860666045881	0.281	0.249	0.0034540261453507685	0.03200000000000003
TC2N	3.472311472072497e-5	0.28567355252198634	0.226	0.194	1	0.032
CNOT6L	1.487411387748999e-41	0.6910369807125238	0.664	0.633	4.988480312232593e-37	0.031000000000000028
SC5D	3.9652944413645336e-5	0.26292047306099015	0.13	0.099	1	0.031
AC016831.1	8.689167238209854e-5	0.2873537799032022	0.141	0.111	1	0.029999999999999985
ARID5A	3.814633727664346e-5	0.2615434980647322	0.239	0.21	1	0.028999999999999998
PCNX1	2.1438928711678357e-8	0.4202698431053239	0.305	0.276	7.190187911322687e-4	0.02899999999999997
SLF1	2.5607333772662173e-7	0.3673681904357765	0.299	0.27	0.008588187600675439	0.02899999999999997
ISG20	4.519063167814607e-22	0.351626628624504	0.759	0.731	1.5156034052216627e-17	0.028000000000000025
TSC22D3	1.4492067352053689e-21	0.2909590907317643	0.846	0.818	4.860349548531766e-17	0.028000000000000025
CXCR4	1.558051208220823e-34	0.40640095089575423	0.931	0.904	5.2253921421309965e-30	0.027000000000000024
BIRC3	1.177454434006882e-9	0.45139949772150545	0.448	0.422	3.948946680772281e-5	0.026000000000000023
GIMAP1	7.77573663111151e-10	0.37500322738673586	0.418	0.392	2.6078265513421782e-5	0.025999999999999968
S100A10	8.970493292021297e-73	0.5420377299960077	0.966	0.941	3.0085240402781025e-68	0.025000000000000022
DDX21	5.835181601727914e-15	0.44711537264744905	0.499	0.476	1.9570032055875077e-10	0.02300000000000002
SOD2	3.701399516945508e-6	0.360970618840864	0.277	0.254	0.12413753699931844	0.02300000000000002
SMCHD1	2.066099669711702e-24	0.5879180384446829	0.593	0.572	6.929285072279105e-20	0.02100000000000002
FAM129A	2.865945182343717e-32	0.43063805812389777	0.816	0.795	9.611806952544357e-28	0.020999999999999908
PTPRC	1.3813357992979777e-38	0.3347270665046582	0.987	0.968	4.632724003685558e-34	0.019000000000000017
SNX9	1.1195047188909099e-7	0.27338885947850633	0.464	0.445	0.0037545949262163337	0.019000000000000017
MT-ND2	9.024350985378763e-164	0.885557889110772	0.993	0.976	3.0265868334763295e-159	0.017000000000000015
NCK2	8.476758503826974e-6	0.3318781057861684	0.291	0.274	0.28429352670134905	0.01699999999999996
NBEAL1	8.566440212366668e-7	0.37936296617460696	0.318	0.302	0.028730127184235333	0.016000000000000014
HIST1H1D	5.79284306618501e-4	0.375045411669204	0.276	0.26	1	0.016000000000000014
AC090152.1	0.0026027625519786657	0.3460759209082137	0.186	0.17	1	0.015999999999999986
MT-ND1	0	1.453349271907756	0.999	0.985	0	0.014000000000000012
MT-ND5	1.649852882661599e-51	0.4696049485789975	0.964	0.952	5.53327659787047e-47	0.01200000000000001
IKZF3	1.2153975121828464e-17	0.4358677256730301	0.707	0.695	4.0762001763588303e-13	0.01200000000000001
VIM	5.862171668195194e-31	0.34070702572077094	0.923	0.912	1.9660551340793042e-26	0.01100000000000001
AC016831.5	1.54321504396076e-4	0.2595227465858583	0.314	0.303	1	0.01100000000000001
NEAT1	1.1997497063874505e-30	0.397414668041991	0.977	0.968	4.023720565282231e-26	0.009000000000000008
CD53	3.0949636722752174e-20	0.43191247275323574	0.607	0.598	1.0379889164076625e-15	0.009000000000000008
KIF5C	0.01343142822232744	0.29143225710497156	0.185	0.176	1	0.009000000000000008
STOM	0.002360312726557263	0.32426883705641785	0.24	0.231	1	0.00899999999999998
TBXAS1	0.028542565171473636	0.2900253257123365	0.189	0.183	1	0.006000000000000005
RNF19A	1.0431240477408822e-21	0.6222746170224567	0.592	0.587	3.498429431313371e-17	0.0050000000000000044
CEMIP2	6.628279160593419e-5	0.38835188436139434	0.315	0.31	1	0.0050000000000000044
SLC2A3	0.001036324270349548	0.3170937567336718	0.284	0.279	1	0.004999999999999949
MT-ND4	1.0133966658210562e-113	0.6482116936432227	0.998	0.994	3.3987297378306583e-109	0.0040000000000000036
RPL7A	1.7177932547159897e-45	0.29069471019720083	0.997	0.993	5.761135017666486e-41	0.0040000000000000036
MT-ND3	3.116972527184112e-144	0.754711225248073	0.999	0.996	1.0453702461670075e-139	0.0030000000000000027
GNAS	3.693467805541584e-10	0.25211291602839303	0.896	0.893	1.2387152326225364e-5	0.0030000000000000027
RGCC	0.0031920921307185945	0.2703980450132357	0.279	0.276	1	0.0030000000000000027
PLEKHA1	0.03137372446886069	0.26783593561760055	0.201	0.198	1	0.0030000000000000027
RASA2	0.061283305798781315	0.2554193242361841	0.18	0.177	1	0.0030000000000000027
MT-ATP6	2.3075686654778913e-269	1.0022813614584987	1	0.998	7.739123790279751e-265	0.0020000000000000018
BTG1	4.984494518407312e-90	0.5443548214811527	0.989	0.987	1.6716997715834442e-85	0.0020000000000000018
RPL3	1.3473543412545268e-81	0.38894568114250916	1	0.998	4.518756989699432e-77	0.0020000000000000018
RPS5	1.1163151927098144e-54	0.34491268624078986	0.988	0.986	3.7438978933101755e-50	0.0020000000000000018
RPL30	8.494359244845789e-51	0.28639839738658956	1	0.998	2.8488382035363807e-46	0.0020000000000000018
CCND2	0.08303320213631163	0.25507853133558767	0.179	0.177	1	0.0020000000000000018
MT-CYB	1.0926538954723717e-278	1.0859637107772482	1	0.999	3.66454263463524e-274	0.0010000000000000009
MT-CO3	3.2206388962799393e-251	0.9544543577257558	1	0.999	1.080137873034366e-246	0.0010000000000000009
MALAT1	3.781164988498156e-161	0.6589812166143414	1	0.999	1.2681271138425117e-156	0.0010000000000000009
TPT1	2.1821306553117888e-141	0.44211965066843373	1	0.999	7.318429791784678e-137	0.0010000000000000009
RPS4X	9.055940888562556e-122	0.49489176204129137	1	0.999	3.03718145520611e-117	0.0010000000000000009
MT-CO2	1.4404849905330485e-84	0.47083654320841717	1	0.999	4.831098561249738e-80	0.0010000000000000009
RPL8	1.1478242598401496e-73	0.38447581680538434	0.997	0.996	3.8495730026518937e-69	0.0010000000000000009
RPS12	2.577782666544128e-59	0.3148009225112176	1	0.999	8.645367507055695e-55	0.0010000000000000009
SRGN	9.9843614982199e-30	0.30614795194595956	0.993	0.992	3.3485551592729905e-25	0.0010000000000000009
TMSB4X	2.667028428166711e-122	-0.5672929637142685	0.999	0.999	8.944679942385514e-118	0
RPL13	1.0437260251605676e-112	0.3704286150020053	1	1	3.500448343183512e-108	0
RPS3	9.830663105681286e-100	0.41522894004833866	0.999	0.999	3.29700779238339e-95	0
B2M	8.417092673825506e-90	-0.31876897947388194	1	1	2.822924540947598e-85	0
RPS18	1.4836113651859424e-88	0.3929393727376258	1	1	4.975735796560614e-84	0
MT-CO1	8.161538920426754e-65	0.4431244125132716	1	1	2.737216923132725e-60	0
RPS6	2.101662267749959e-60	0.30951457725735754	0.999	0.999	7.048554913579813e-56	0
EEF1A1	5.9654952218490084e-52	0.2563354254796062	1	1	2.0007077875037205e-47	0
IQGAP2	2.470449853883381e-14	0.3987843170334968	0.584	0.584	8.285394719954083e-10	0
AL357060.1	0.007731060389919827	0.3386533876295422	0.258	0.258	1	0
SNHG12	0.04858890984019307	0.2559293252252616	0.207	0.207	1	0
RPS16	1.3056358261301244e-50	0.32454548989871324	0.998	0.999	4.378841433675211e-46	-0.0010000000000000009
RPS14	2.524973568636709e-45	0.260624185564752	0.998	0.999	8.468256354493795e-41	-0.0010000000000000009
RPL39	4.757242988807835e-33	-0.2951452301074653	0.997	0.998	1.5954841535863717e-28	-0.0010000000000000009
SYTL3	7.593557382649693e-7	0.3849705995260915	0.422	0.423	0.02546727274993054	-0.0010000000000000009
CASP8	1.0983760223452316e-6	0.4220421626986277	0.367	0.368	0.036837335037414376	-0.0010000000000000009
FTL	2.2821675997107913e-107	-0.8764863211755749	0.995	0.997	7.653933695910052e-103	-0.0020000000000000018
RPL21	1.9336357617619127e-85	0.39679775963096464	0.997	0.999	6.485027617797103e-81	-0.0020000000000000018
HLA-A	5.422488127746888e-44	-0.32273959460899704	0.995	0.998	1.8185940682837512e-39	-0.0030000000000000027
RPSA	3.2696983928647793e-32	0.2878625413557989	0.984	0.987	1.0965914469989897e-27	-0.0030000000000000027
RPS29	3.155843605019588e-35	-0.42189433517566943	0.993	0.997	1.0584068282514695e-30	-0.0040000000000000036
RNF125	0.055898941566926034	0.2714020929415538	0.224	0.228	1	-0.0040000000000000036
TOX	0.14593595737921436	0.3186934771348766	0.188	0.193	1	-0.0050000000000000044
EEF1B2	5.822835383339286e-34	0.4183780624179465	0.86	0.866	1.9528625308643297e-29	-0.006000000000000005
YWHAB	4.8344788100211795e-48	0.4320572574866972	0.948	0.955	1.6213875033049031e-43	-0.007000000000000006
FTH1	8.590428346485983e-28	-0.6083246415850123	0.991	0.998	2.8810578588444686e-23	-0.007000000000000006
DGKA	0.03735081693630976	0.2670951606235691	0.235	0.243	1	-0.008000000000000007
PIK3IP1	1.3441873423601106e-11	0.3276300665920624	0.584	0.593	4.508135508807339e-7	-0.009000000000000008
JUNB	4.481759544001165e-10	0.3649185126826693	0.561	0.571	1.5030925158671106e-5	-0.009999999999999898
STK4	4.898970015001673e-47	0.5493104632761789	0.853	0.863	1.643016563631261e-42	-0.010000000000000009
RPS28	3.1597616295518954e-33	-0.2888953692913594	0.988	0.998	1.0597208553191146e-28	-0.010000000000000009
DUSP2	0.15964711328022532	0.29772063304373364	0.294	0.306	1	-0.01200000000000001
KLF6	2.081170510403336e-8	0.2877198332603772	0.686	0.699	6.979829657790709e-4	-0.0129999999999999
SNHG7	1.4798723007538526e-4	0.3357712370831396	0.371	0.386	1	-0.015000000000000013
NORAD	5.934168374909037e-4	0.2758175694323233	0.379	0.396	1	-0.017000000000000015
S100A6	3.3245673516654665e-33	-0.3341951066923867	0.978	0.996	1.1149933984015642e-28	-0.018000000000000016
ZFAS1	2.467410404759736e-22	0.40101965703120523	0.796	0.815	8.275201015483203e-18	-0.018999999999999906
IKZF1	2.067047031453649e-13	0.3275229923750693	0.752	0.772	6.9324623340892485e-9	-0.020000000000000018
GPRIN3	0.1419384317079758	0.28812306677432975	0.274	0.295	1	-0.020999999999999963
IFITM2	1.38044523936931e-14	0.2874923724510521	0.817	0.84	4.6297372437967917e-10	-0.02300000000000002
AC058791.1	0.003477332481036547	0.2734448420439666	0.383	0.406	1	-0.02300000000000002
FKBP11	2.5628017579687996e-8	0.312489115331926	0.543	0.568	8.59512453587576e-4	-0.02499999999999991
EVI2B	2.7003619240836364e-7	0.3128883385789072	0.547	0.573	0.0090564738209917	-0.025999999999999912
H3F3A	7.200132414795272e-37	-0.2816760135370502	0.953	0.979	2.4147804092740383e-32	-0.026000000000000023
RPS6KA5	4.530954196949991e-4	0.3198094855438389	0.396	0.423	1	-0.02699999999999997
HMGB1	8.116178081909402e-31	-0.3199506871501945	0.947	0.974	2.722003805110775e-26	-0.027000000000000024
RPS6KA3	1.4885254922902163e-6	0.35793826094722325	0.453	0.481	0.049922167960429274	-0.02799999999999997
KDSR	1.8830245120112765e-8	0.25963259247610093	0.682	0.711	6.315287608383419e-4	-0.028999999999999915
TMSB10	1.0327471666389635e-21	-0.27000130732579386	0.961	0.991	3.463627447473756e-17	-0.030000000000000027
LRP10	0.021342787397301808	0.25124142853507536	0.336	0.368	1	-0.03199999999999997
ETS1	6.2407731064057194e-12	0.34626781342206314	0.766	0.798	2.09303048442635e-7	-0.03200000000000003
PLP2	3.2951463500248643e-7	0.25050015169755246	0.572	0.604	0.01105126182871339	-0.03200000000000003
ANKRD28	1.8906624692550146e-8	0.33092753632297045	0.579	0.612	6.340903789387468e-4	-0.03300000000000003
GIMAP7	9.398144175412449e-4	0.28553042987409327	0.502	0.535	1	-0.03300000000000003
MYH9	3.9286145895776545e-9	0.29529116656991916	0.641	0.676	1.3175787610525538e-4	-0.03500000000000003
MT-ND6	3.0503629629199313e-6	0.39524163913017296	0.464	0.5	0.10230307305040866	-0.035999999999999976
SERF2	1.689804231984015e-59	-0.35328591464728154	0.949	0.986	5.667265433227989e-55	-0.03700000000000003
MYL6	4.151397100559351e-37	-0.28710270388190384	0.946	0.987	1.392295559585595e-32	-0.041000000000000036
SRSF7	1.10811434248158e-11	0.31022320123376357	0.722	0.763	3.7163938818147227e-7	-0.041000000000000036
SLC38A1	6.174066443270061e-4	0.30702651392796687	0.434	0.478	1	-0.043999999999999984
CD99	1.288889141713036e-26	0.633559653091492	0.769	0.815	4.322676403477181e-22	-0.04599999999999993
LDHA	1.0214095749450324e-13	0.2715027657848368	0.765	0.812	3.42560343245065e-9	-0.04700000000000004
CD44	9.022472951620714e-11	0.25713363009686185	0.744	0.791	3.025956978514555e-6	-0.04700000000000004
EIF1AX	9.512531568125617e-5	0.30492571654857326	0.479	0.528	1	-0.049000000000000044
IDI1	0.3358447779912012	0.25435788640781176	0.302	0.352	1	-0.04999999999999999
RPL23	3.5506425404132955e-43	-0.35972244450474866	0.911	0.962	1.190814495203811e-38	-0.050999999999999934
METTL9	2.7875005994567596e-8	0.3300265686910939	0.53	0.582	9.348719510458081e-4	-0.051999999999999935
UBC	1.1212457283499853e-29	-0.3148398328051645	0.908	0.962	3.7604339237401806e-25	-0.05399999999999994
SAT1	6.816506540357019e-4	0.2576975139436799	0.526	0.58	1	-0.05399999999999994
MAF	0.09177031214449041	0.3468516188737585	0.414	0.469	1	-0.05499999999999999
SH3BGRL3	5.043351623354678e-61	-0.45299676686854484	0.916	0.979	1.691439267440692e-56	-0.06299999999999994
ZNF292	0.08002958908828016	0.26429689061413275	0.411	0.475	1	-0.064
ATP5F1E	3.122718163772483e-49	-0.4054550468273632	0.908	0.976	1.0472972177660153e-44	-0.06799999999999995
NPM1	3.077735781868586e-38	-0.3624907992905646	0.872	0.948	1.0322110265230865e-33	-0.07599999999999996
RPL31	7.250053000002614e-12	-0.3938983420053357	0.877	0.956	2.4315227751408765e-7	-0.07899999999999996
HMOX1	2.575982451755533e-15	-0.4901832014756996	0.035	0.114	8.639329946697707e-11	-0.079
JAML	8.706595185299109e-114	-0.7203277389644018	0.869	0.953	2.9200178932456153e-109	-0.08399999999999996
OAZ1	1.7322013401059322e-109	-0.5979539145783321	0.889	0.978	5.809456854447275e-105	-0.08899999999999997
PDGFA	7.349730014591178e-22	-0.25892209644901065	0.013	0.104	2.4649524522935893e-17	-0.091
SRP14	6.491693099970681e-48	-0.37755393047687935	0.871	0.963	2.177184031868167e-43	-0.09199999999999997
LGALS3	4.776654631681726e-14	-0.288627469407436	0.807	0.9	1.6019944303734173e-9	-0.09299999999999997
GBP4	4.856310166956996e-22	-0.25788232199471306	0.016	0.109	1.6287093037940372e-17	-0.093
MAL	1.5435357737408536e-13	-0.25042106298876743	0.078	0.172	5.1767102779720745e-9	-0.09399999999999999
FUCA1	1.4640364117990175e-19	-0.2738465626308239	0.029	0.124	4.910085317891545e-15	-0.095
TNFRSF4	1.404262329353751e-12	-0.35486714939812375	0.105	0.201	4.70961500018661e-8	-0.09600000000000002
KLRC1	1.219413801827126e-25	-0.6421232092553496	0.005	0.103	4.089670008567815e-21	-0.09799999999999999
OAS1	6.41445643396783e-25	-0.3041935154256005	0.008	0.106	2.151280398824131e-20	-0.098
HINT1	5.673044926459894e-76	-0.4793274543370676	0.867	0.968	1.902625807436119e-71	-0.10099999999999998
KLRD1	4.173392509175925e-27	-0.44819094370533713	0.005	0.106	1.3996723797274216e-22	-0.10099999999999999
GZMA	9.947336341498207e-18	-0.3249942405426614	0.057	0.158	3.336137662211669e-13	-0.101
HLA-DRB5	6.2571143418101284e-21	-0.42436237964530266	0.039	0.143	2.098511007956281e-16	-0.10399999999999998
H2AFZ	1.7175643692436782e-11	-0.31087458321391415	0.765	0.871	5.760367381569448e-7	-0.10599999999999998
AC009948.1	6.0244637066896e-24	-0.2575489530959511	0.021	0.127	2.020484637949558e-19	-0.106
GOLIM4	1.7041865466164227e-26	-0.3000661751429891	0.014	0.122	5.715500840042158e-22	-0.108
CFL1	6.554220565740889e-21	-0.25515565087935643	0.846	0.955	2.1981544933381793e-16	-0.10899999999999999
NKG7	1.62086493682781e-27	-0.44946348304362055	0.013	0.123	5.436056825133109e-23	-0.11
TMIGD2	5.872866991417762e-27	-0.4298333809418583	0.016	0.126	1.969642131581689e-22	-0.11
NDUFA7	4.095766686483986e-23	-0.2636648038303119	0.033	0.144	1.373638231312999e-18	-0.11099999999999999
PCED1B	3.2760100276219967e-25	-0.2600473791730914	0.024	0.136	1.0987082430638652e-20	-0.11200000000000002
TTTY15	8.554073899259943e-32	-0.3158386802371753	0.003	0.119	2.8688653043337994e-27	-0.11599999999999999
GALNT2	2.801873065158519e-23	-0.3178265743323373	0.043	0.16	9.39692188592864e-19	-0.117
IFI6	2.9573581062352504e-19	-0.4165291445847616	0.078	0.196	9.918387616691783e-15	-0.11800000000000001
ITPR1	6.282106179834692e-23	-0.2783763156732319	0.047	0.166	2.106892770592959e-18	-0.11900000000000001
TSC22D1	2.6470299286410336e-22	-0.2660555388922532	0.057	0.179	8.877608974676298e-18	-0.122
TMA7	1.9838100208563046e-28	-0.3231287373984779	0.814	0.94	6.653302047947875e-24	-0.126
ZC2HC1A	5.206208453707654e-25	-0.2952097410372124	0.046	0.172	1.746058191204473e-20	-0.126
PDIA4	5.087606674335384e-20	-0.25938636895185774	0.08	0.207	1.7062815264386012e-15	-0.127
AC017002.3	7.794974580176015e-33	-0.40062865599363023	0.012	0.14	2.614278574699432e-28	-0.128
MYL6B	1.238108767359902e-28	-0.2864150607855004	0.027	0.155	4.1523691839716395e-24	-0.128
PPIA	7.014521691469477e-29	-0.3156329004606553	0.809	0.938	2.352530284885033e-24	-0.1289999999999999
PLCG2	2.4755493058817333e-33	-0.38016576314996336	0.01	0.139	8.302497262066157e-29	-0.129
UBE2J1	6.148391242247429e-24	-0.27192719548822725	0.057	0.187	2.0620474548249428e-19	-0.13
S100A4	4.359999591103096e-127	-1.030910827041419	0.827	0.958	1.4622566628641564e-122	-0.131
C16orf87	5.149678903346786e-27	-0.28175286788989584	0.04	0.171	1.727099310604445e-22	-0.131
NMB	1.7298070217344122e-19	-0.6226643059160802	0.115	0.246	5.801426789492872e-15	-0.131
MT1F	3.042594360624286e-27	-0.3621802284521702	0.042	0.174	1.0204252966661731e-22	-0.13199999999999998
TNIK	6.151793444963485e-23	-0.2555827473922822	0.067	0.199	2.0631884855718536e-18	-0.132
CD200R1	8.901425627324855e-25	-0.2727223931811061	0.056	0.189	2.98536012689221e-20	-0.133
RELB	1.46914702631838e-30	-0.3098075224375953	0.027	0.162	4.927225296866583e-26	-0.135
FAM118A	1.4574482036457336e-20	-0.2782948832555982	0.093	0.228	4.887989785387061e-16	-0.135
SOX4	6.2675794755375836e-31	-0.92524902536181175	0.036	0.172	2.1020208045057948e-26	-0.13599999999999998
MAST4	5.977836643363306e-28	-0.30607729943527606	0.044	0.18	2.0048468534511857e-23	-0.136
COX7C	5.562713575303268e-42	-0.3712609423816273	0.807	0.945	1.86562287888521e-37	-0.1379999999999999
SLA2	8.874065602969441e-30	-0.41146043573809954	0.038	0.176	2.976184121923891e-25	-0.13799999999999998
PPIF	4.405172969911374e-29	-0.3103687785319629	0.039	0.177	1.4774069106488766e-24	-0.13799999999999998
B4GALT1	3.584125086647892e-24	-0.274055974280313	0.068	0.206	1.20204387155997e-19	-0.13799999999999998
COMMD4	5.525188068552127e-26	-0.2646937901750502	0.055	0.193	1.8530375744310124e-21	-0.138
FAM192A	6.685266112695043e-25	-0.2516950949451521	0.061	0.199	2.2421045488756635e-20	-0.138
TRAF3	7.697526781588335e-30	-0.30299072287858	0.04	0.181	2.581596532009096e-25	-0.141
NQO2	8.678644739909655e-26	-0.2621413546512046	0.063	0.204	2.9106438728709e-21	-0.141
SAMD9L	2.34289814853972e-28	-0.3090290918722773	0.047	0.188	7.857611810572513e-24	-0.14100000000000001
F2R	1.525243032767624e-24	-0.28882269702793884	0.071	0.212	5.115360083296058e-20	-0.14100000000000001
MRPL16	5.023005909165045e-24	-0.2602698152033348	0.073	0.214	1.684615721815773e-19	-0.14100000000000001
MNAT1	1.2130727412971665e-31	-0.3254622367039586	0.034	0.177	4.068403359762437e-27	-0.143
UQCRB	1.1059815762372351e-72	-0.5322589206746842	0.786	0.929	3.709241010384439e-68	-0.14300000000000002
ATP5MG	3.005343677630037e-69	-0.47307067085803656	0.803	0.947	1.0079321626035619e-64	-0.1439999999999999
MT1E	1.4238331149756635e-38	-0.6122761437686259	0.008	0.152	4.77525150100538e-34	-0.144
PQLC3	1.2404607781929587e-25	-0.2665275270371776	0.068	0.212	4.1602573579035446e-21	-0.144
ACTB	1.4474827610541403e-73	-0.7208723517804918	0.802	0.947	4.854567684023375e-69	-0.1449999999999999
MICAL2	1.2983335707675606e-31	-0.31461680805642883	0.036	0.181	4.354351129640245e-27	-0.145
TYW3	1.766702946287354e-27	-0.2871413670197248	0.059	0.204	5.925168341258528e-23	-0.145
SYT11	2.540687424810112e-27	-0.28088158274210645	0.057	0.202	8.520957485328154e-23	-0.14500000000000002
CD2	1.7475239366636884e-104	-0.7439750952130724	0.798	0.944	5.860845778782678e-100	-0.1459999999999999
IL17F	2.728796457198164e-41	-1.0516613111404776	0.001	0.147	9.151837558151203e-37	-0.146
GK	6.624750681571577e-34	-0.421453506138555	0.028	0.174	2.2218088835854754e-29	-0.146
ZNF428	3.45699812000833e-26	-0.26759623854087317	0.068	0.214	1.1594080294883937e-21	-0.146
RDH10	5.120682443724834e-35	-0.5006910865719071	0.026	0.173	1.717374477976435e-30	-0.147
METTL8	5.381481374074402e-30	-0.3585398837044115	0.049	0.196	1.804841223237073e-25	-0.14700000000000002
MRPL19	2.145380944617072e-25	-0.25899149248085224	0.074	0.221	7.195178612056736e-21	-0.14700000000000002
MTRNR2L12	4.487622223803583e-22	-0.6085995692961021	0.194	0.342	1.5050587414192458e-17	-0.14800000000000002
CHCHD5	1.1703772985604721e-26	-0.2895681624257959	0.069	0.218	3.9252113839121114e-22	-0.149
ANKS1B	5.5551597645878e-40	-0.4199995899893879	0.008	0.158	1.8630894818474564e-35	-0.15
SP140L	5.116527607455699e-25	-0.2737036681526909	0.081	0.231	1.7159810289884923e-20	-0.15000000000000002
MPST	4.415674870258938e-24	-0.25893130938708153	0.089	0.24	1.4809290379874426e-19	-0.151
NFU1	3.1284672956141467e-24	-0.26817480909486574	0.095	0.247	1.0492253616030725e-19	-0.152
ACTG1	1.2154961290428658e-15	-0.3965703360002548	0.681	0.834	4.0765309175839636e-11	-0.15299999999999991
RFFL	6.055587730384684e-29	-0.3122478049751113	0.063	0.216	2.0309230130164154e-24	-0.153
ERGIC3	4.342853732555306e-24	-0.27299836177059494	0.096	0.249	1.4565062848243986e-19	-0.153
ETFA	2.1306236859831087e-25	-0.25873837375566805	0.085	0.239	7.14568571805015e-21	-0.15399999999999997
CDCA7	1.3597903860769821e-33	-0.40847384890891025	0.041	0.195	4.5604649968249824e-29	-0.154
CDIPT	4.23392725869344e-25	-0.2540984429781011	0.086	0.24	1.419974524020606e-20	-0.154
TMBIM6	7.998645676474962e-20	-0.2837888883847586	0.704	0.858	2.6825857869761727e-15	-0.15400000000000003
ZC3H12D	8.502947291164965e-34	-0.36666240732876676	0.041	0.196	2.8517184625109063e-29	-0.155
CKS2	4.8159435679200335e-30	-0.3313633583102864	0.059	0.214	1.615171153809021e-25	-0.155
HSD17B10	2.2596594758895027e-24	-0.25966077056825765	0.094	0.249	7.578445950238213e-20	-0.155
AKR7A2	1.4676448496143448e-26	-0.2651426039125747	0.082	0.239	4.92218729663659e-22	-0.15699999999999997
DDX1	1.9233785564470638e-23	-0.25229551405332995	0.109	0.266	6.450627002612162e-19	-0.15700000000000003
RUNX1	3.47230209347045e-22	-0.2504742023241334	0.12	0.277	1.1645406761081194e-17	-0.15700000000000003
LAG3	6.261171705575597e-37	-0.5689457626583301	0.034	0.192	2.0998717666159439e-32	-0.158
SIPA1L1	2.9843500177725454e-26	-0.3004884713406187	0.089	0.247	1.0008913089605563e-21	-0.158
IP6K2	4.815223218444715e-26	-0.26633497301776654	0.087	0.245	1.6149295630019885e-21	-0.158
TMEM245	4.9391321580884307e-23	-0.2571249520356899	0.114	0.272	1.6564861431796979e-18	-0.15800000000000003
COX4I1	4.614087123126006e-90	-0.6075608196606144	0.795	0.954	1.547472539354e-85	-0.15899999999999992
HIST1H1C	1.7299770778888907e-21	-0.28612555444723	0.14	0.299	5.801997123823761e-17	-0.15899999999999997
ARRDC2	4.4183979353749916e-29	-0.3077439885719259	0.071	0.23	1.4818422995660646e-24	-0.15900000000000003
FIBP	2.904777491747656e-28	-0.2877003827457999	0.074	0.233	9.742042751823289e-24	-0.15900000000000003
RBM23	3.9701396862525555e-23	-0.2538368241161237	0.113	0.272	1.3315054479753821e-18	-0.15900000000000003
COA3	8.010396780510876e-27	-0.27064813528896964	0.086	0.246	2.6865268722477374e-22	-0.16
C1orf131	1.0191524542051234e-25	-0.2697324583629379	0.095	0.255	3.418033500913143e-21	-0.16
OST4	3.10901936092522e-19	-0.2505537970530347	0.742	0.902	1.0427029132671004e-14	-0.16000000000000003
MRPS33	6.119396620083775e-28	-0.3003974285524521	0.082	0.243	2.0523232384436965e-23	-0.16099999999999998
CHN1	3.313296660954113e-32	-0.4020301389202213	0.058	0.219	1.1112134341507904e-27	-0.161
GLCCI1	8.349217944681867e-27	-0.28945696953087097	0.089	0.25	2.8001607142874044e-22	-0.161
UBE2L6	2.92463033741664e-26	-0.3022816928695861	0.094	0.255	9.808625225627927e-22	-0.161
CRELD2	7.046937147718458e-24	-0.32067462777636313	0.123	0.285	2.3634017806018166e-19	-0.16199999999999998
LMNA	3.1833080435546744e-14	-0.2688227826209355	0.262	0.424	1.0676178516473666e-9	-0.16199999999999998
MSC	2.4588826775459035e-38	-0.42957643963936243	0.029	0.191	8.24660072395345e-34	-0.162
ALOX5AP	2.2113936179331976e-38	-0.45634094313751605	0.703	0.865	7.416571915824358e-34	-0.16200000000000003
MT1X	3.5815490706115335e-20	-0.463452537918161	0.166	0.329	1.201179927301696e-15	-0.163
DDX3Y	3.6554922646496246e-46	-0.4695957972258045	0.004	0.168	1.225978995718191e-41	-0.164
LYST	2.901620641797443e-33	-0.3823304868792916	0.057	0.221	9.731455308460265e-29	-0.164
PTPRJ	6.019248201773744e-33	-0.3618958823463389	0.057	0.221	2.0187354619108783e-28	-0.164
SKA2	3.0207097145983343e-31	-0.31140277756326495	0.067	0.232	1.0130856240819894e-26	-0.165
STAT1	2.7728583366150206e-28	-0.3154676857505368	0.086	0.251	9.299612289339457e-24	-0.165
SNRNP35	1.1974644219377315e-25	-0.2720767188882949	0.101	0.266	4.016056178294764e-21	-0.165
SDHC	2.9225498409771073e-23	-0.2630605297613189	0.127	0.294	9.801647656669022e-19	-0.16699999999999998
ACAA2	1.817850482535555e-32	-0.31660167118037685	0.062	0.229	6.096706948327745e-28	-0.167
ZMYND8	1.455628336820398e-29	-0.3559036294308469	0.089	0.256	4.881886316028251e-25	-0.167
RNASEH2B	9.094905815311944e-28	-0.3012470820399277	0.092	0.259	3.0502495123393197e-23	-0.167
BIN1	4.0210581452617315e-22	-0.2690175901177525	0.142	0.309	1.3485824807578795e-17	-0.167
AASDHPPT	5.883312487249693e-26	-0.2607498829639824	0.103	0.27	1.9731453419738018e-21	-0.16700000000000004
SSH1	6.059639987070958e-32	-0.34877570198448693	0.069	0.238	2.0322820588638577e-27	-0.16899999999999998
SELPLG	2.414188238819023e-23	-0.28695512651603017	0.136	0.305	8.09670451535124e-19	-0.16899999999999998
SQOR	5.481339427430043e-27	-0.30341435122306865	0.105	0.274	1.8383316171714878e-22	-0.16900000000000004
ADGRG1	1.2738546117455203e-32	-0.520088879605219	0.082	0.252	4.2722535968721265e-28	-0.16999999999999998
ARL14EP	5.594336831137305e-24	-0.25296749161766285	0.128	0.298	1.8762286864268292e-19	-0.16999999999999998
APOBEC3C	9.502959375417278e-36	-0.38011145125185414	0.051	0.221	3.1871025153274467e-31	-0.17
MIF	2.5102226919690814e-9	-0.2834055428626181	0.437	0.608	8.418784864325904e-5	-0.17099999999999999
LINC00649	7.817500343541231e-29	-0.3088244036733823	0.093	0.264	2.621833265216858e-24	-0.171
EIF4E2	1.4178234350506899e-25	-0.27390184933373374	0.113	0.285	4.755096236473004e-21	-0.172
SPAG7	3.525031778527424e-27	-0.2891510512019199	0.106	0.278	1.1822251578825275e-22	-0.17200000000000004
TBC1D10C	2.660080651258293e-26	-0.28794631039574675	0.115	0.288	8.921378488190063e-22	-0.173
GTPBP8	3.946604571538919e-30	-0.3306869183083792	0.09	0.263	1.3236122412027228e-25	-0.17300000000000001
RHOF	2.778964676629492e-25	-0.2631299790889673	0.12	0.294	9.32009173247999e-21	-0.174
TPP1	2.522605921112083e-23	-0.2519119928183343	0.138	0.312	8.460315738225704e-19	-0.174
CLCN3	6.3795545187940625e-25	-0.28998097016579916	0.134	0.309	2.1395749945131527e-20	-0.175
PHPT1	3.9597150640710103e-22	-0.2812589695940373	0.166	0.341	1.3280092381881355e-17	-0.17500000000000002
SUMO2	4.994319175593415e-75	-0.5229258116925668	0.757	0.932	1.6749947651105195e-70	-0.17500000000000004
HLF	1.9864315413977272e-32	-0.3651899139946232	0.08	0.256	6.662094103539697e-28	-0.176
NUDT1	3.3352508949417106e-26	-0.27380663500712255	0.114	0.29	1.1185764451455509e-21	-0.176
GPR68	3.5299150431444473e-31	-0.32304198678632245	0.086	0.262	1.1838629071697847e-26	-0.17600000000000002
COPB2	1.330920420565169e-22	-0.26194483699480076	0.152	0.328	4.4636409064914635e-18	-0.17600000000000002
SEPT1	1.40706927274939e-28	-0.29353498692294944	0.102	0.278	4.719028926946904e-24	-0.17600000000000005
PSENEN	1.890687457920933e-28	-0.30927174261143875	0.105	0.281	6.340987596375225e-24	-0.17600000000000005
SMIM3	1.2255664378296231e-36	-0.42688173148236364	0.059	0.236	4.11030471919299e-32	-0.177
LAMP1	9.390982832772475e-25	-0.2895920737016957	0.131	0.308	3.149547822455233e-20	-0.177
NUTF2	1.2472367732276961e-27	-0.286950384125099	0.111	0.29	4.182982690051047e-23	-0.179
TRAPPC2L	5.885237723469219e-25	-0.2654355901802028	0.132	0.311	1.9737910276971066e-20	-0.179
ZBTB44	1.3439163112024988e-20	-0.2676031850634112	0.182	0.361	4.50722652451094e-16	-0.179
ARL4C	2.080553822372229e-59	-0.6782211704538983	0.665	0.845	6.977761409471982e-55	-0.17999999999999994
SET	1.1266201278041231e-17	-0.26970793403435245	0.643	0.823	3.778458584629468e-13	-0.17999999999999994
UCP2	8.76291401989681e-39	-0.45056633763614207	0.054	0.234	2.938906103992992e-34	-0.18000000000000002
TMED8	2.8945232351632414e-42	-0.4204230527571148	0.036	0.217	9.707652026090478e-38	-0.181
NMRK1	1.736609485388163e-19	-0.25381034206211417	0.203	0.384	5.824240892094821e-15	-0.181
SMARCE1	1.7060924789084293e-31	-0.31357006794740944	0.089	0.27	5.72189295576309e-27	-0.18100000000000002
NDUFA8	2.8110652860551055e-24	-0.2528595847941425	0.143	0.324	9.427750756371613e-20	-0.18100000000000002
SOD1	1.5143959924882955e-25	-0.3227773000965506	0.692	0.873	5.078981279607245e-21	-0.18100000000000005
SLC9A3R1	1.665768618310296e-31	-0.3192581362480567	0.09	0.272	5.58665479208907e-27	-0.18200000000000002
PFDN1	3.1943237438070025e-30	-0.2826686744953383	0.097	0.279	1.0713122971979926e-25	-0.18200000000000002
PAXX	3.827325707275272e-24	-0.25158667909705923	0.146	0.328	1.2836084957059808e-19	-0.18200000000000002
NAA50	2.2029027193850443e-23	-0.29577913045197113	0.17	0.353	7.3880951402735615e-19	-0.18299999999999997
ETV7	1.1552649491947562e-42	-0.5532556951138318	0.044	0.227	3.8745275866093737e-38	-0.183
NUSAP1	7.207200669287105e-39	-0.4637113007443098	0.057	0.24	2.417150960465509e-34	-0.183
PPP1CC	3.401606947809605e-26	-0.2698685995742175	0.133	0.316	1.1408309381563852e-21	-0.183
MFF	7.533786974609994e-26	-0.2579492611445928	0.132	0.315	2.5266814755447e-21	-0.183
SERBP1	3.755138569039362e-21	-0.2937692041266269	0.629	0.812	1.2593983732844212e-16	-0.18300000000000005
YARS	9.190404657897939e-37	-0.37988508347596817	0.068	0.252	3.082277914165811e-32	-0.184
PPIB	8.50382465066327e-16	-0.2541449827172486	0.632	0.817	2.8520127113394475e-11	-0.18499999999999994
GZMM	2.0757127809972717e-31	-0.34726424738809597	0.102	0.287	6.96152552490865e-27	-0.185
COA6	3.250265667809912e-29	-0.31753968108525454	0.115	0.3	1.0900740996700883e-24	-0.185
NDUFS2	7.532943517890874e-29	-0.2885120281279941	0.116	0.301	2.5263985970302414e-24	-0.185
MIEN1	4.1010062537644145e-26	-0.2705376766641465	0.134	0.319	1.3753954773875094e-21	-0.185
TYMP	2.0273795452359783e-17	-0.27342668270412385	0.268	0.453	6.799425518812424e-13	-0.185
CTSA	1.755427585879662e-32	-0.33741993896354294	0.093	0.278	5.887353037523211e-28	-0.18500000000000003
ANXA5	5.364451535520783e-13	-0.25401286582981286	0.548	0.734	1.7991297559829602e-8	-0.18599999999999994
BANF1	1.0292285213547479e-21	-0.25271253939725646	0.177	0.363	3.4518266149195535e-17	-0.186
CKAP2	3.736752776676854e-34	-0.3617104429970388	0.087	0.273	1.2532321462418833e-29	-0.18600000000000003
RNF213	7.207333560518069e-19	-0.27728125925757796	0.651	0.838	2.41719552952655e-14	-0.18699999999999994
CCDC28A	1.983594129426841e-30	-0.3122080456073335	0.107	0.294	6.65257799127174e-26	-0.187
TIMP1	6.880577085657794e-28	-0.6319715020725527	0.197	0.384	2.307607942987911e-23	-0.187
ATF7IP	1.3582937962573895e-22	-0.2805941605247956	0.183	0.37	4.555445733888033e-18	-0.187
PSAP	3.065365695842377e-22	-0.2678258132366814	0.185	0.372	1.0280623470716163e-17	-0.187
YIPF5	7.320199444543967e-26	-0.2559572938562663	0.144	0.331	2.4550484897111556e-21	-0.18700000000000003
ISCU	6.326528019377046e-15	-0.2851068729112296	0.58	0.767	2.1217909671386737e-10	-0.18700000000000006
NDUFS5	2.704609104778232e-19	-0.27993137146153524	0.636	0.824	9.070718015605235e-15	-0.18799999999999994
SLC27A2	5.034471598368308e-46	-0.49915806294747883	0.03	0.218	1.6884610846607631e-41	-0.188
RARRES3	1.054425192492323e-45	-0.6492046307872106	0.036	0.224	3.5363312105807533e-41	-0.188
ABCF1	2.7666356363880196e-21	-0.26263395483611773	0.196	0.384	9.27874259731814e-17	-0.188
CBLB	6.347603624106474e-20	-0.2736859949658861	0.234	0.423	2.1288593034528294e-15	-0.18899999999999997
EIF1AY	1.0421471480632421e-54	-0.5563769452410646	0.002	0.191	3.495153105174501e-50	-0.189
PSMA3-AS1	9.155914753943442e-24	-0.2879936926623722	0.172	0.361	3.070710690177552e-19	-0.189
SREK1IP1	3.903099440982004e-25	-0.2548178876118905	0.153	0.342	1.3090214905165446e-20	-0.18900000000000003
CLEC2D	5.958050066615829e-16	-0.2793250671401397	0.575	0.764	1.9982108313416166e-11	-0.18900000000000006
HMGN1	1.3685773606068112e-41	-0.44924921645134974	0.661	0.851	4.589934752003123e-37	-0.18999999999999995
HSPB1	4.929608419122005e-36	-0.5758885894403418	0.099	0.289	1.6532920716051381e-31	-0.18999999999999997
RCN2	2.319098086533571e-25	-0.27025028939893003	0.154	0.344	7.777791162616292e-21	-0.18999999999999997
FABP5	7.151763196891109e-33	-0.39657753316935773	0.109	0.299	2.39855834097334e-28	-0.19
GABARAP	6.984624037503242e-29	-0.38078910355461737	0.142	0.332	2.3425032096978372e-24	-0.19000000000000003
SPOCK2	5.45972933686558e-38	-0.44332700415677184	0.673	0.864	1.831084024997978e-33	-0.19099999999999995
MRFAP1L1	4.1974207923227435e-25	-0.2747903204899489	0.161	0.352	1.4077309853292017e-20	-0.19099999999999998
ATXN10	1.5703113763343067e-37	-0.4007891138033936	0.076	0.267	5.266510293949998e-33	-0.191
PYHIN1	3.052963194993692e-32	-0.30339772323153835	0.106	0.297	1.0239027963369844e-27	-0.191
TAB2	3.8297586326318457e-32	-0.3490372021186489	0.108	0.299	1.2844244502120684e-27	-0.191
MITD1	4.984895814018272e-31	-0.33771833964491116	0.116	0.307	1.671834358105448e-26	-0.191
CTSC	1.4835274723176492e-24	-0.31918770775934313	0.176	0.367	4.975454436658932e-20	-0.191
LMO4	1.6369241014484907e-24	-0.4817446571781172	0.536	0.728	5.489916051437948e-20	-0.19199999999999995
CST7	4.776935840098475e-23	-0.40760664741343156	0.228	0.42	1.6020887420522264e-18	-0.19199999999999998
DNAJC15	9.850558905163213e-30	-0.329697926188008	0.128	0.32	3.303680445613638e-25	-0.192
MYO1F	5.917588056958814e-24	-0.2991586009779149	0.183	0.375	1.9846406825428471e-19	-0.192
REX1BD	2.2002913553651986e-23	-0.2601196230306605	0.174	0.366	7.379337147623803e-19	-0.192
PFDN4	4.508680444534175e-31	-0.3331231189555409	0.119	0.312	1.5121212474878716e-26	-0.193
YIPF4	5.407522706034441e-29	-0.3227325662851105	0.136	0.329	1.8135749651498307e-24	-0.193
TNFRSF25	4.5389580853759336e-18	-0.26677834586171056	0.292	0.485	1.5222757626733805e-13	-0.193
TRBC1	2.112672829245188e-37	-0.7485373669260813	0.407	0.601	7.085482134722512e-33	-0.194
EDF1	1.6520851268930887e-23	-0.282002640195552	0.653	0.848	5.540763098574041e-19	-0.19499999999999995
POLR2E	9.641292416374388e-28	-0.3133344037908463	0.149	0.344	3.2334966506036424e-23	-0.19499999999999998
TXNDC17	5.309533147731268e-27	-0.29026643794872775	0.149	0.344	1.7807112270861128e-22	-0.19499999999999998
RNF145	1.0210400795871238e-24	-0.2881100320348162	0.172	0.367	3.424364218919296e-20	-0.195
TMEM230	2.2713121168621298e-23	-0.25211014175556357	0.181	0.376	7.617526577532211e-19	-0.195
ITGB1	3.804669793330496e-19	-0.3118733185467386	0.585	0.78	1.2760101552871818e-14	-0.19500000000000006
NSA2	2.886752250805845e-16	-0.283990170546464	0.517	0.713	9.681589698752643e-12	-0.19599999999999995
RAB7A	1.5674090434764952e-21	-0.2719613415490618	0.211	0.407	5.2567764500114694e-17	-0.19599999999999998
PIGX	1.4819059486907203e-39	-0.4111922398056145	0.07	0.266	4.970016170718938e-35	-0.196
VAMP5	1.843592963873433e-23	-0.29804408211673517	0.194	0.39	6.18304208223872e-19	-0.196
PRPF6	2.933242332829188e-22	-0.25023579507131344	0.203	0.399	9.83750813584253e-18	-0.196
WASHC3	3.730458703458125e-27	-0.2663739031933966	0.146	0.342	1.251121239965786e-22	-0.19600000000000004
CARD16	5.752349096979453e-23	-0.2814495553275459	0.214	0.411	1.929222840144969e-18	-0.19699999999999998
PSMB7	2.490184518113594e-20	-0.25225051003938426	0.223	0.42	8.351580836849372e-16	-0.19699999999999998
ODC1	2.30850514757232e-44	-0.4803172041754119	0.051	0.248	7.742264563928047e-40	-0.197
STK10	6.4460708556963415e-24	-0.26896801344373944	0.191	0.388	2.161883243583439e-19	-0.197
DAPK2	8.704423124708059e-36	-0.41089308553118375	0.099	0.297	2.919289427564589e-31	-0.19799999999999998
PTPRA	3.662439435110385e-26	-0.29169818824342064	0.171	0.369	1.228308937747321e-21	-0.19799999999999998
CAPNS1	1.020650259738009e-25	-0.2821119555631133	0.164	0.362	3.4230568411093346e-21	-0.19799999999999998
CCNG2	5.659819649770585e-31	-0.46380170230670426	0.16	0.359	1.8981903141400587e-26	-0.19899999999999998
FGD3	6.75872165535966e-33	-0.3692208587489758	0.12	0.319	2.266740068774523e-28	-0.199
LAGE3	1.8473927669973798e-29	-0.3102858537833024	0.139	0.338	6.195785861955812e-25	-0.199
HLA-DPB1	9.888224315511939e-23	-0.3626946853348554	0.265	0.464	3.316312670936394e-18	-0.199
RORA	1.3053345053011894e-22	-0.2765624501437176	0.598	0.797	4.377830863879129e-18	-0.19900000000000007
NDUFA13	3.113184919313325e-16	-0.2638620103702167	0.536	0.736	1.044099958239303e-11	-0.19999999999999996
FAM104A	7.570000258709918e-29	-0.2967771132850008	0.145	0.345	2.5388266867661322e-24	-0.19999999999999998
CARS	2.918680412731168e-35	-0.5213254648105106	0.121	0.321	9.78867036821779e-31	-0.2
RALGDS	5.887926715991527e-33	-0.36817662788755834	0.121	0.321	1.9746928620092383e-28	-0.2
NSMCE1	1.2990519136151542e-29	-0.4398827269665031	0.172	0.372	4.356760307882504e-25	-0.2
MRPS36	6.496235276999958e-25	-0.2730704179718588	0.178	0.378	2.178707387200246e-20	-0.2
HNRNPA1	9.41935407012841e-26	-0.3503054094800131	0.635	0.836	3.159062968039666e-21	-0.20099999999999996
LSM6	8.528615641442247e-28	-0.28367987892482693	0.154	0.355	2.860327113826901e-23	-0.20099999999999998
ATP6V1D	1.4871988444279737e-34	-0.3508943055790934	0.105	0.306	4.987767484442538e-30	-0.201
RB1CC1	3.7556072684560237e-25	-0.28855520081023245	0.193	0.394	1.2595555656947812e-20	-0.201
ADI1	3.0059820830794666e-38	-0.4261749183927557	0.089	0.291	1.0081462710231914e-33	-0.20199999999999999
GRAP2	5.042593330171286e-37	-0.38556295699180243	0.094	0.296	1.691184951072846e-32	-0.20199999999999999
TACC1	1.3420596407853327e-22	-0.2768374519254144	0.219	0.421	4.5009996232658485e-18	-0.20199999999999999
PRDX1	3.579267439570999e-33	-0.4357605864027483	0.63	0.833	1.2004147138833218e-28	-0.20299999999999996
TAP1	1.4612158336340877e-22	-0.26673738440048544	0.214	0.417	4.9006256628420035e-18	-0.20299999999999999
BCAP31	5.5422112856295984e-21	-0.26071755328236035	0.226	0.429	1.8587468209744546e-16	-0.20299999999999999
UQCRH	2.999473104759898e-23	-0.290388930476027	0.625	0.829	1.0059632898743747e-18	-0.20399999999999996
ABLIM1	1.2922844695411605e-50	-0.5069346488268203	0.033	0.237	4.3340636539471444e-46	-0.204
CASP4	8.74758039565584e-32	-0.35172666431746347	0.134	0.338	2.9337635130950557e-27	-0.20400000000000001
PGLS	1.887801759910227e-24	-0.2779054959598869	0.197	0.401	6.33130954238692e-20	-0.20400000000000001
RUNX3	9.230053161643375e-21	-0.3003909399113207	0.274	0.479	3.0955752293519553e-16	-0.20499999999999996
ARF5	9.48942883775601e-31	-0.3365544633304406	0.148	0.353	3.182564643606611e-26	-0.205
MPG	1.5644981529913742e-26	-0.26963595157456977	0.17	0.375	5.247013905502471e-22	-0.205
TRAC	3.979872887927775e-39	-0.45153048962076214	0.648	0.854	1.3347697691532173e-34	-0.20599999999999996
DDX3X	9.90880844593803e-20	-0.3068373317323758	0.514	0.72	3.3232161765986963e-15	-0.20599999999999996
CTSB	1.429285059095955e-30	-0.34449875429312005	0.151	0.357	4.793536231196014e-26	-0.206
LARP7	1.9151624411617578e-29	-0.3467981644190248	0.169	0.375	6.4230717951683035e-25	-0.206
TRA2B	2.4412498603919745e-21	-0.2595885184045852	0.233	0.439	8.187463781782605e-17	-0.206
KLRB1	9.562152851408055e-44	-0.7852944444703787	0.432	0.638	3.2069548233052336e-39	-0.20600000000000002
MUC20-OT1	5.163790365019227e-29	-0.3637632260927476	0.174	0.38	1.7318320126201483e-24	-0.20600000000000002
CTCF	4.661725087286129e-26	-0.2704683809122479	0.177	0.383	1.5634493597740219e-21	-0.20600000000000002
SEC61B	1.3546253922568635e-18	-0.28178102787701276	0.62	0.827	4.543142640551069e-14	-0.20699999999999996
NENF	1.1855450224531986e-23	-0.2554354571653278	0.205	0.412	3.9760808963035376e-19	-0.207
POLR2G	1.563924345098079e-36	-0.38617856913442666	0.108	0.315	5.245089468589937e-32	-0.20700000000000002
GTF2H5	9.161266000297175e-36	-0.3621826921911049	0.111	0.318	3.0725053911796666e-31	-0.20700000000000002
GABARAPL1	6.0791199346930235e-28	-0.3341562340404084	0.18	0.387	2.038815243697346e-23	-0.20700000000000002
ATP6V1E1	1.2358007574549344e-27	-0.28481724216483495	0.172	0.379	4.144628580352359e-23	-0.20700000000000002
TRBC2	6.455530870244708e-56	-0.6574087828002644	0.641	0.849	2.1650559432626703e-51	-0.20799999999999996
LRRN3	2.6726803097474345e-53	-0.6568698263906001	0.031	0.239	8.963635222830945e-49	-0.208
CITED2	1.7169834837972615e-25	-0.31518605981393755	0.213	0.421	5.7584192079592556e-21	-0.208
PSMC3	1.526232919584602e-26	-0.2780848218597769	0.177	0.385	5.118679965702839e-22	-0.20800000000000002
COTL1	9.998931289233849e-48	-0.5773777059423995	0.582	0.79	3.353441575783248e-43	-0.20800000000000007
ASNA1	7.3210569336727814e-40	-0.3866194660495267	0.085	0.294	2.4553360744151773e-35	-0.20899999999999996
PRDX3	3.4413897160341305e-31	-0.3304989770233172	0.142	0.351	1.1541732829635267e-26	-0.209
RNF181	9.715646476457022e-22	-0.2668540101936171	0.233	0.442	3.258433515274156e-17	-0.209
CALM3	3.424765448537947e-26	-0.3240194724192007	0.194	0.403	1.1485978361306567e-21	-0.20900000000000002
POLR2F	1.4658602466877446e-25	-0.2826724949083723	0.187	0.396	4.916202095341358e-21	-0.20900000000000002
ARNTL	5.909660967046287e-31	-0.31860884765765185	0.143	0.353	1.9819820951279837e-26	-0.21
PPT1	2.4866058846760576e-42	-0.4523219131361201	0.083	0.294	8.339578816026563e-38	-0.21099999999999997
SFPQ	9.497349559212218e-18	-0.2763689623374237	0.375	0.586	3.1852210951685935e-13	-0.21099999999999997
MORF4L1	1.492388565596488e-17	-0.27022830200795256	0.557	0.768	5.005172771297502e-13	-0.21099999999999997
MDH2	2.3121110233674058e-29	-0.29534433242620917	0.156	0.367	7.754357950169606e-25	-0.211
CYTOR	2.719994022526769e-28	-0.355081722293882	0.206	0.417	9.122315952750278e-24	-0.211
REST	1.2729446373793952e-22	-0.2531669720621599	0.227	0.438	4.269201724843015e-18	-0.211
PAIP2	4.183137300412022e-16	-0.2609562677670292	0.463	0.674	1.402940587812184e-11	-0.21100000000000002
CLDND1	4.991061810996456e-29	-0.4193326667932733	0.585	0.796	1.6739023101719914e-24	-0.21100000000000008
RAP1B	3.483305374484291e-26	-0.3335738573807885	0.596	0.807	1.1682309564945414e-21	-0.21100000000000008
ATRAID	3.8541746948752654e-25	-0.2937569535491691	0.205	0.417	1.2926131091672666e-20	-0.212
TBL1XR1	5.09490901103593e-25	-0.25628610489002146	0.217	0.429	1.7087305841212303e-20	-0.212
IGFLR1	3.9869881214950764e-50	-0.5614162494459294	0.049	0.262	1.3371560761870187e-45	-0.21300000000000002
CTSS	3.8982120382098245e-38	-0.40963545428239806	0.111	0.324	1.3073823533748109e-33	-0.21300000000000002
GMFG	2.009219246106437e-37	-0.3940462678872332	0.636	0.85	6.738519507591769e-33	-0.21399999999999997
METAP2	1.4911962454378093e-20	-0.2720689301783683	0.275	0.489	5.001173967949325e-16	-0.21399999999999997
ATOX1	4.007632932177575e-32	-0.37845593040032155	0.158	0.372	1.3440799327937152e-27	-0.214
DUT	4.083204037385172e-24	-0.28049101043014435	0.234	0.448	1.369424970058239e-19	-0.214
ITGAL	5.218500262549307e-50	-0.4959312220361666	0.047	0.261	1.7501806180537868e-45	-0.21400000000000002
C1D	3.445061865928627e-35	-0.3428795958283065	0.123	0.337	1.1554048485951428e-30	-0.21400000000000002
TMEM14C	2.190643518185616e-29	-0.3206130351333729	0.173	0.387	7.346980231290919e-25	-0.21400000000000002
ELOB	3.8598498962263606e-62	-0.5015788677708231	0.681	0.896	1.294516458196397e-57	-0.21499999999999997
EFHD2	7.585425891126116e-34	-0.34203805259330755	0.138	0.353	2.5440001353658765e-29	-0.21499999999999997
RPS17	1.4623070087900968e-25	-0.6843339156550887	0.453	0.668	4.904285246080227e-21	-0.21500000000000002
FXR1	3.365662966854629e-23	-0.279182521931265	0.249	0.464	1.1287760458237054e-18	-0.21500000000000002
BRD7	8.895961958976236e-23	-0.25107205664000853	0.252	0.467	2.98352772180145e-18	-0.21500000000000002
TSPAN14	3.358879082700027e-28	-0.3270594936602589	0.2	0.416	1.126500866755935e-23	-0.21599999999999997
ID2	3.400671846813863e-21	-0.3403669990340137	0.393	0.609	1.1405173239844334e-16	-0.21599999999999997
ISG15	7.209164906395694e-17	-0.2916262111274188	0.38	0.596	2.4178097263069878e-12	-0.21599999999999997
SLIRP	8.712542160649089e-29	-0.29090442047949405	0.17	0.386	2.9220123898384916e-24	-0.216
ATP5PB	7.238623950709516e-25	-0.2929329949504087	0.22	0.436	2.4276897005889574e-20	-0.216
NONO	1.001985802922052e-24	-0.26776511977796347	0.218	0.434	3.360459985839978e-20	-0.216
UBE2N	1.3464847910712037e-24	-0.274521925263412	0.209	0.425	4.515840692294603e-20	-0.216
PYCARD	1.020083925218859e-39	-0.4176192016622849	0.104	0.32	3.4211574683990096e-35	-0.21600000000000003
KIF5B	2.0374194401103317e-20	-0.2564835441240463	0.288	0.504	6.833097318242031e-16	-0.21600000000000003
SRSF3	2.4033266022836563e-16	-0.2625023976143217	0.453	0.669	8.060276758738926e-12	-0.21600000000000003
KIAA0319L	2.4901170162321164e-41	-0.7171950430609567	0.142	0.359	8.351354449039272e-37	-0.217
SH2D1A	2.467528563612577e-32	-0.3394824370627303	0.158	0.375	8.27559729664386e-28	-0.217
NMT1	4.241623506378409e-30	-0.345372860390058	0.171	0.388	1.422555691569191e-25	-0.217
RBBP4	9.809178915666765e-24	-0.2777439381333868	0.23	0.447	3.28980242473632e-19	-0.217
SPCS2	4.859975113936819e-18	-0.25341052266701514	0.582	0.799	1.6299384537121306e-13	-0.21700000000000008
PNRC1	9.453974891761522e-35	-0.3775380936792039	0.621	0.839	3.170674099198979e-30	-0.21799999999999997
TMEM14B	1.1424200781223308e-26	-0.2943544360218947	0.203	0.421	3.8314484580066734e-22	-0.21799999999999997
TRPS1	1.6092992653176173e-56	-0.6769746317599794	0.034	0.252	5.397267876022225e-52	-0.218
PLEKHF1	9.492091279005761e-42	-0.4380415962338867	0.099	0.317	3.183457573152952e-37	-0.218
NDUFB5	3.7249405153093507e-31	-0.32946792378650613	0.165	0.383	1.2492705500244501e-26	-0.218
NDUFC1	6.317923499376726e-26	-0.28246639773196147	0.211	0.429	2.1189051832209663e-21	-0.218
COPZ1	9.22914953717058e-37	-0.3804037660396139	0.125	0.343	3.0952721717762695e-32	-0.21800000000000003
RASAL3	1.4766988644996145e-26	-0.27426823439609627	0.203	0.422	4.952552651758807e-22	-0.21899999999999997
SLC4A7	8.039053414597937e-22	-0.3469668471764056	0.37	0.589	2.696137734187856e-17	-0.21899999999999997
HADHA	3.422230159612044e-24	-0.2642979253750619	0.227	0.446	1.147747550930687e-19	-0.219
HDAC1	3.807069405791339e-40	-0.3924155508574629	0.107	0.326	1.2768149373142994e-35	-0.21900000000000003
VCP	1.5091999043239991e-25	-0.32283223843144915	0.241	0.46	5.061554639121828e-21	-0.21900000000000003
PSME2	1.3707055150908312e-21	-0.2767069952700574	0.296	0.515	4.59707215651163e-17	-0.21900000000000003
COX7A2	5.383840519591119e-27	-0.31457580238564065	0.627	0.847	1.8056324334604695e-22	-0.21999999999999997
LAT	5.036956015593921e-35	-0.4792999947945532	0.168	0.388	1.6892943085098893e-30	-0.22
TXNRD1	1.563995010973728e-34	-0.4515018848141924	0.165	0.385	5.245326467803689e-30	-0.22
CD8B	6.59180049395957e-49	-0.7078241760057633	0.077	0.298	2.2107580496641606e-44	-0.22099999999999997
MTIF3	3.436980319775199e-34	-0.35989011378802027	0.155	0.376	1.1526944596462062e-29	-0.221
PSMB2	2.3963218432570276e-26	-0.31498148468295184	0.212	0.433	8.036784197915419e-22	-0.221
DYNC1I2	4.431010453136582e-31	-0.36961042236273733	0.184	0.405	1.486072285772947e-26	-0.22100000000000003
CDK2AP2	8.885371394561927e-20	-0.2741520190812359	0.333	0.554	2.979975858308179e-15	-0.22100000000000003
ECHS1	1.5700648486268508e-35	-0.34903277828337564	0.136	0.358	5.265683489324733e-31	-0.22199999999999998
PAK2	1.1629646717777371e-30	-0.3849940510805334	0.526	0.748	3.9003509162081745e-26	-0.22199999999999998
HNRNPK	4.617108472418617e-25	-0.30093527947437604	0.607	0.829	1.5484858394797558e-20	-0.22199999999999998
GSTP1	1.179479284788204e-19	-0.2653494659057811	0.368	0.59	3.955737625322679e-15	-0.22199999999999998
ANAPC16	2.226438660966746e-18	-0.2757133857302916	0.507	0.729	7.467029981150273e-14	-0.22199999999999998
GRAMD1B	7.069952290328472e-59	-0.6029699468158866	0.026	0.248	2.371120599130363e-54	-0.222
BUD31	2.687435930240265e-24	-0.2858173888223413	0.239	0.461	9.013122622839802e-20	-0.22200000000000003
CD3D	2.0486801025063103e-159	-1.0439873309228855	0.71	0.932	6.8708633277856635e-155	-0.2220000000000001
RBPJ	2.772962829522033e-29	-0.35665614860531836	0.568	0.79	9.299962737650993e-25	-0.2220000000000001
UBL5	5.2779416516919836e-49	-0.43780191156397796	0.667	0.89	1.7701160711444574e-44	-0.22299999999999998
HMGN2	6.117121615032487e-23	-0.2952583011909804	0.289	0.512	2.0515602472495953e-18	-0.22300000000000003
EIF3H	1.2215406873456675e-17	-0.25742528291332767	0.422	0.645	4.0968031572198996e-13	-0.22300000000000003
COX5B	2.38730090153629e-21	-0.2952857139165834	0.567	0.79	8.00652976357241e-17	-0.2230000000000001
NUCKS1	2.1804141120062435e-18	-0.25656487270622885	0.38	0.604	7.31267284884654e-14	-0.22399999999999998
CD8A	3.1558922725847364e-47	-0.6520898510890253	0.09	0.314	1.0584231503794689e-42	-0.224
YWHAE	1.1648224030699494e-24	-0.31327385816489073	0.244	0.468	3.9065813754159963e-20	-0.22400000000000003
ROMO1	5.825246171828071e-27	-0.36410702893899216	0.261	0.486	1.9536710611076985e-22	-0.22499999999999998
DDX17	1.155931615844492e-25	-0.3174623243590302	0.531	0.756	3.8767634532192574e-21	-0.22499999999999998
SEPT9	1.1417930276176434e-23	-0.29006713466093514	0.268	0.493	3.8293454560240526e-19	-0.22499999999999998
PCBP2	3.3050804594663045e-20	-0.2983910529309086	0.511	0.736	1.1084578844958093e-15	-0.22499999999999998
ABRACL	4.913447252999691e-19	-0.26802605278970404	0.401	0.626	1.6478719397110364e-14	-0.22499999999999998
CUTA	7.181506378072183e-19	-0.2736909020378242	0.375	0.6	2.408533609077849e-14	-0.22499999999999998
PIN4	8.804561525507468e-39	-0.3831119494066858	0.125	0.351	2.9528738444246944e-34	-0.22599999999999998
NDUFS7	3.8974166027857646e-31	-0.33391306671349896	0.182	0.408	1.3071155802422898e-26	-0.22599999999999998
COMMD8	1.3354505543800297e-44	-0.44256692538867015	0.095	0.321	4.478834069279743e-40	-0.226
ZMAT2	2.15572774007327e-22	-0.27312877748794695	0.291	0.517	7.229879694657733e-18	-0.22600000000000003
COPB1	5.1826157717220235e-24	-0.26360595513771456	0.256	0.483	1.7381456775201323e-19	-0.22699999999999998
C11orf58	6.080063280974694e-20	-0.2642504608446963	0.518	0.745	2.039131623173293e-15	-0.22699999999999998
ATP5IF1	8.501918006492937e-20	-0.2888886831564177	0.485	0.712	2.8513732610176012e-15	-0.22699999999999998
MIR4435-2HG	3.720161479294549e-54	-0.6477452168063971	0.054	0.281	1.2476677569258057e-49	-0.22700000000000004
CTLA4	5.895999470913601e-54	-0.5869729380736217	0.054	0.282	1.9774003025550035e-49	-0.22799999999999998
TTC39C	7.749713705088484e-34	-0.4147961194257406	0.2	0.428	2.5990989824125757e-29	-0.22799999999999998
SNRPG	2.4153593057611852e-17	-0.25306012127695787	0.482	0.71	8.100632039661863e-13	-0.22799999999999998
MBD2	2.954595544722114e-24	-0.32890371308153266	0.327	0.555	9.909122537889026e-20	-0.22800000000000004
PFN1	9.117592218075284e-65	-0.5523256846012368	0.68	0.909	3.0578580780980887e-60	-0.22899999999999998
H2AFV	8.625739199466263e-22	-0.30991766563049294	0.483	0.712	2.892900412716995e-17	-0.22899999999999998
TNIP1	4.283865299241592e-37	-0.4294410605273856	0.152	0.381	1.4367227440596452e-32	-0.229
ENSA	2.8097003012471273e-28	-0.3155678443793195	0.224	0.453	9.423172870322615e-24	-0.229
CDV3	5.124871312278636e-23	-0.3094062711775709	0.461	0.691	1.718779340712009e-18	-0.22999999999999993
DNAJB6	1.4984967498937665e-20	-0.294607609150644	0.487	0.717	5.025658399793714e-16	-0.22999999999999998
TBCA	5.525556711285671e-20	-0.26753845526053	0.502	0.732	1.8531612098309886e-15	-0.22999999999999998
MAT2B	9.256160427762564e-37	-0.3981840976345635	0.154	0.384	3.1043310842630084e-32	-0.23
HSP90B1	5.826505020956217e-25	-0.36927541690488175	0.454	0.684	1.954093253928296e-20	-0.23000000000000004
VDAC3	6.0741353075514155e-31	-0.35623475133655025	0.199	0.43	2.0371434994465938e-26	-0.23099999999999998
C8orf59	7.4475937221652755e-28	-0.3174535144460925	0.216	0.447	2.49777398253979e-23	-0.231
CCM2	6.299226979244604e-33	-0.34896714238258153	0.183	0.415	2.1126347442990554e-28	-0.23199999999999998
RALA	2.614750622916892e-27	-0.3380327674485919	0.263	0.495	8.769350639138671e-23	-0.23199999999999998
MDH1	5.372021106514285e-26	-0.3012798749175787	0.247	0.479	1.801668438702761e-21	-0.23199999999999998
UQCRFS1	5.76190886271084e-25	-0.2735096477364046	0.244	0.476	1.9324289943759614e-20	-0.23199999999999998
SUMO3	1.3997165816765807e-27	-0.3007252837143577	0.225	0.457	4.6943694716269164e-23	-0.232
PKM	1.3023581693129145e-28	-0.45125444311524077	0.305	0.537	4.367848828241653e-24	-0.23200000000000004
MAP2K2	2.4181703193148946e-24	-0.28921833943646624	0.282	0.514	8.110059616918294e-20	-0.23200000000000004
ATP6V0E1	5.943755856956774e-31	-0.3413966079551063	0.59	0.823	1.9934168393061628e-26	-0.23299999999999998
SRSF11	2.406040603766744e-22	-0.27654980397104056	0.365	0.598	8.069378976912906e-18	-0.23299999999999998
HLA-DPA1	2.233957585633314e-35	-0.4670027962213229	0.205	0.438	7.492246950697008e-31	-0.233
NDUFA3	6.010362953377286e-33	-0.39254033838817926	0.197	0.431	2.0157555273036741e-28	-0.23399999999999999
CORO1A	8.779253663905911e-24	-0.33306822251710533	0.359	0.593	2.944386093800764e-19	-0.23399999999999999
ATP5PD	2.6227339793776332e-19	-0.2540020775003853	0.4	0.634	8.796125220036707e-15	-0.23399999999999999
YPEL3	2.2808356126049497e-22	-0.3246413132985686	0.429	0.663	7.64946647755448e-18	-0.23400000000000004
JPT1	9.768677988901276e-21	-0.2601752129606216	0.33	0.565	3.27621922391771e-16	-0.23499999999999993
TANK	2.279645460095159e-27	-0.35916882239442804	0.276	0.511	7.645474944067143e-23	-0.235
HNRNPC	7.455795973245078e-22	-0.28229750613370697	0.495	0.73	2.5005248535069343e-17	-0.235
SCP2	1.7535569280612036e-36	-0.39044569945147367	0.165	0.4	5.881079225331664e-32	-0.23500000000000001
RPA3	3.277411343579988e-30	-0.3581772657857515	0.215	0.45	1.0991782164098565e-25	-0.23500000000000001
CPM	7.63843926686339e-69	-1.0520652113199807	0.01	0.246	2.5617797613206436e-64	-0.236
SLC5A3	5.398417867122142e-38	-0.5131114695947235	0.193	0.429	1.810521384275424e-33	-0.236
GSPT1	3.702490454600348e-24	-0.3185292759120846	0.391	0.627	1.2417412486638647e-19	-0.236
USF2	1.5415671416042864e-22	-0.30248231131767334	0.348	0.584	5.170107879512456e-18	-0.236
GZMB	3.6535952561375757e-66	-1.3773236690013264	0.022	0.258	1.2253427770034201e-61	-0.23600000000000002
RER1	1.0457044815441956e-29	-0.31709964794393597	0.215	0.451	3.507083690202923e-25	-0.23600000000000002
FIS1	5.700655810353988e-29	-0.30283384655954027	0.223	0.459	1.9118859456765207e-24	-0.23600000000000002
BRI3	1.3547924584761093e-23	-0.2903859325759255	0.288	0.524	4.543702947237176e-19	-0.23600000000000004
ATP5PO	4.107398445597569e-23	-0.3119678197286264	0.331	0.568	1.3775392906845127e-18	-0.23699999999999993
CMIP	1.5604423050212542e-45	-0.49572384524765367	0.109	0.346	5.233411402580282e-41	-0.237
COMMD3	6.315303589702409e-41	-0.4223311940146689	0.136	0.373	2.118026517914394e-36	-0.237
SF3B5	6.872789104523311e-19	-0.2571648503090169	0.383	0.62	2.304996009875028e-14	-0.237
BLM	1.7697033454121637e-55	-0.5760135994102082	0.064	0.302	5.935231079843314e-51	-0.238
THOC7	6.157959025018919e-32	-0.35975082669876146	0.206	0.444	2.0652562978108448e-27	-0.23800000000000002
WDR83OS	2.3224377155840382e-20	-0.29255330435714866	0.46	0.699	7.788991610525747e-16	-0.23899999999999993
MPC2	6.022585010409706e-26	-0.2729002660776628	0.255	0.494	2.0198545607912073e-21	-0.239
HNRNPM	1.5948360381112527e-23	-0.31648954622134706	0.348	0.587	5.348761104617519e-19	-0.239
MZT2A	2.3751366873362282e-21	-0.2823157449417566	0.383	0.622	7.965733421988242e-17	-0.239
ANAPC11	2.025771121999371e-29	-0.3104410499348692	0.217	0.456	6.794031188961491e-25	-0.23900000000000002
CTSD	3.648591495174434e-39	-0.45817633403008506	0.169	0.409	1.2236646156516015e-34	-0.23999999999999996
GPX4	2.127078382936673e-65	-0.6869912729163556	0.612	0.852	7.133795480693014e-61	-0.24
HDLBP	4.52887032749865e-37	-0.4573881681523385	0.198	0.438	1.518892530436497e-32	-0.24
CDC123	2.9314733388639282e-30	-0.3614040595612118	0.239	0.479	9.831575283881843e-26	-0.24
HNRNPA3	9.012583701791753e-27	-0.3327308219733045	0.484	0.724	3.022640321906918e-22	-0.24
CAMK4	1.66698183772668e-24	-0.3393426842121059	0.367	0.607	5.590723687367738e-20	-0.24
SYF2	3.22509260445826e-22	-0.2941611526242114	0.509	0.749	1.0816315576832113e-17	-0.24
RAC1	4.958537211199687e-19	-0.25357155281673527	0.474	0.714	1.662994209892151e-14	-0.24
GBP5	1.2106484171279659e-63	-0.7066320946850358	0.032	0.272	4.060272661363772e-59	-0.24000000000000002
H1FX	5.851137033687553e-44	-0.56230286623957	0.15	0.39	1.9623543383581314e-39	-0.24000000000000002
LSM8	4.969485872816022e-24	-0.2822932253717343	0.291	0.531	1.6666661720250375e-19	-0.24000000000000005
PPP1R15A	1.7470756642170264e-32	-0.3860176370933238	0.232	0.473	5.859342362651063e-28	-0.24099999999999996
CHMP5	3.8413440488480214e-35	-0.37263585782548325	0.189	0.43	1.2883099671026494e-30	-0.241
ZFP36L1	2.734834513273469e-29	-0.41072812874821896	0.328	0.57	9.17208799061656e-25	-0.24199999999999994
GALNT1	1.9460993757080776e-43	-0.4647560748784144	0.139	0.381	6.526828086249751e-39	-0.242
ANP32B	2.76180925771098e-28	-0.34393518126391753	0.512	0.754	9.262555888511084e-24	-0.242
POLR1D	3.968144173949426e-22	-0.2796435765205816	0.352	0.594	1.3308361930591586e-17	-0.242
POLR2J3.1	2.124939884325699e-35	-0.3832120671555186	0.194	0.437	7.126623384051529e-31	-0.243
PPM1G	8.465272579083585e-24	-0.3304337849418346	0.354	0.597	2.8390831175730525e-19	-0.243
ACTR3	8.531405379743794e-23	-0.28493103355110194	0.398	0.641	2.8612627362584737e-18	-0.243
PSMB8	8.198293797644237e-22	-0.27329562268143404	0.4	0.643	2.7495437738539244e-17	-0.243
YPEL2	9.309177485399029e-37	-0.454824263176025	0.212	0.455	3.1221119450531265e-32	-0.24300000000000002
UBB	3.522168347400836e-44	-0.4909605238646815	0.573	0.817	1.1812648203512923e-39	-0.244
ANP32A	4.245337108943965e-27	-0.28177880893792484	0.25	0.494	1.423801159597627e-22	-0.244
BPTF	1.1949240074483667e-24	-0.28547254463511895	0.35	0.594	4.0075361361803323e-20	-0.244
BSG	2.831905462204616e-32	-0.3858048368786131	0.223	0.467	9.49764453914184e-28	-0.24400000000000002
PGAM1	1.6571458076884652e-25	-0.33119914882234514	0.318	0.563	5.557735609825575e-21	-0.24499999999999994
HMGN3	8.4841064776024e-45	-0.48951527030973396	0.137	0.382	2.845399630458293e-40	-0.245
FAM107B	5.76072181705026e-39	-0.4395451716271317	0.541	0.786	1.932030883002316e-34	-0.245
CAP1	9.779542665156409e-27	-0.3600255667036927	0.441	0.686	3.2798630190401565e-22	-0.24500000000000005
ACTR2	1.6527587718720667e-21	-0.25032300562705223	0.464	0.71	5.543022369104537e-17	-0.24599999999999994
SH3KBP1	2.963130994155959e-29	-0.33684201259470004	0.266	0.512	9.937748728200255e-25	-0.246
DNAJC8	7.645961838439735e-23	-0.281146964651535	0.461	0.708	2.5643026813759184e-18	-0.24699999999999994
NDUFA12	9.985696738748897e-25	-0.3219612323877181	0.331	0.579	3.3490029722416047e-20	-0.24799999999999994
SEC11A	2.547558825086704e-32	-0.3868762155796117	0.501	0.749	8.54400278757579e-28	-0.248
FRG1	1.5607444856526838e-30	-0.3465483734186936	0.245	0.493	5.234424855981971e-26	-0.248
OCIAD1	7.193658893124977e-28	-0.3028041227510512	0.275	0.523	2.4126093195762547e-23	-0.248
TMBIM4	8.325363950564754e-22	-0.25575523466368133	0.399	0.647	2.792160561740407e-17	-0.248
SSR2	3.4437407510824794e-21	-0.28511642315459906	0.476	0.724	1.154961773098042e-16	-0.248
PSMD4	1.3361262273249667e-30	-0.33309966956484827	0.234	0.483	4.481100141202473e-26	-0.24899999999999997
ARL6IP5	2.4370371814089402e-60	-0.5545906501353874	0.595	0.845	8.173335299009304e-56	-0.25
HIF1A	1.6348427683327398e-44	-0.476128231705059	0.142	0.392	5.482935676434343e-40	-0.25
NDUFS8	3.7907084578338953e-32	-0.36129313144052866	0.239	0.489	1.2713278025883318e-27	-0.25
CCDC167	5.166979305763796e-31	-0.33710691973866824	0.264	0.514	1.732901519567062e-26	-0.25
TCEA1	1.0172056195337735e-23	-0.27854830639434613	0.393	0.643	3.4115042067923697e-19	-0.25
ATP5MC3	3.1609493723171693e-32	-0.3905308029936727	0.506	0.757	1.0601192004877322e-27	-0.251
RPS27L	8.22377944784285e-31	-0.41740425943464077	0.559	0.81	2.758091151217535e-26	-0.251
SNRPB2	1.3776878993363058e-24	-0.29835870333140146	0.366	0.617	4.6204896767941024e-20	-0.251
ST13	4.154571453551811e-26	-0.3379683624489618	0.447	0.699	1.3933601740922064e-21	-0.25199999999999995
TRAF3IP3	8.800909438081097e-42	-0.44622904064375724	0.162	0.414	2.9516490073436383e-37	-0.252
TNFRSF1B	3.333906156994086e-34	-0.37091896901172416	0.228	0.48	1.1181254469326766e-29	-0.252
IFI27L2	6.084463478301012e-34	-0.4129257383194239	0.25	0.502	2.0406073613525935e-29	-0.252
EGLN3	2.3011950650400664e-59	-0.8203326369016679	0.087	0.34	7.717748009131374e-55	-0.253
CIB1	2.4027752819733047e-22	-0.2578659282239122	0.354	0.607	8.058427740682069e-18	-0.253
LAMTOR5	3.907249703470967e-20	-0.2637829064694044	0.391	0.644	1.310413405550093e-15	-0.253
SLTM	1.0985854768419394e-29	-0.34964386800226177	0.322	0.576	3.6844359722324964e-25	-0.25399999999999995
DPP7	5.1476777326530446e-26	-0.33926059643853734	0.338	0.592	1.726428157977178e-21	-0.25399999999999995
C12orf57	9.084034633074151e-27	-0.3150739021496738	0.365	0.619	3.046603535240409e-22	-0.254
PET100	5.479896386965025e-29	-0.3797575876427519	0.332	0.587	1.83784765026033e-24	-0.25499999999999995
CD96	7.865371392092741e-57	-0.6224168917229962	0.502	0.757	2.6378882574800636e-52	-0.255
COX6C	1.0350281675826413e-42	-0.4273365516095946	0.566	0.821	3.4712774684386625e-38	-0.255
PSMB9	6.655031788630592e-29	-0.374350099151334	0.351	0.606	2.231964561270928e-24	-0.255
ATP5PF	2.6766143142951515e-27	-0.3307216518973326	0.474	0.729	8.97682908728308e-23	-0.255
SEPT2	4.01976787850532e-31	-0.37956897481155605	0.301	0.556	1.348149751093114e-26	-0.25500000000000006
FNBP1	5.098409741293568e-29	-0.37584416249513386	0.432	0.688	1.709904659035037e-24	-0.25599999999999995
GNLY	1.446232116823099e-76	-3.1379545202069377	0.012	0.268	4.850373273401309e-72	-0.256
TSHZ2	9.976492551835317e-45	-0.42621008759262247	0.152	0.408	3.345916072034529e-40	-0.256
MRPL33	2.558099722320234e-31	-0.37068160686074036	0.264	0.52	8.5793548487176e-27	-0.256
COX17	5.0515434463720536e-37	-0.4303110861474252	0.228	0.485	1.6941866410442593e-32	-0.257
PSMA4	4.191940334711614e-31	-0.34281668840561075	0.272	0.529	1.405892949455581e-26	-0.257
ERH	5.498084674569602e-24	-0.2972177032078511	0.373	0.63	1.8439476381571531e-19	-0.257
COPE	8.230417635778602e-25	-0.3269438895190848	0.443	0.701	2.7603174666874275e-20	-0.25799999999999995
C12orf75	2.098078303798809e-66	-0.8035384336989873	0.055	0.313	7.036535015280445e-62	-0.258
ARPC4	2.8540287876805546e-37	-0.38503091962834224	0.201	0.459	9.571841748123045e-33	-0.258
UQCR10	2.619416970561771e-28	-0.38640470778451674	0.477	0.735	8.785000635870069e-24	-0.258
ECH1	2.9916255177854093e-30	-0.3632382210383587	0.303	0.561	1.0033313661548706e-25	-0.25800000000000006
UQCRQ	9.105068725748736e-34	-0.3906807805124086	0.256	0.515	3.053657949241611e-29	-0.259
TMEM167A	3.3613992320712655e-30	-0.3278784654316713	0.28	0.539	1.127346074452061e-25	-0.259
NDUFA4	9.091519422367327e-43	-0.45130044690577575	0.541	0.801	3.049113783873554e-38	-0.26
LY6E	2.624776456419989e-37	-0.4541942960345551	0.232	0.492	8.80297527954136e-33	-0.26
NDUFB1	6.636964366322003e-37	-0.4633570912605043	0.258	0.518	2.2259051091770733e-32	-0.26
SNRPF	5.123173546619797e-32	-0.37004382242987144	0.276	0.536	1.7182099440653473e-27	-0.26
C9orf16	2.2250373644681846e-29	-0.3795958658695613	0.416	0.676	7.462330312953398e-25	-0.26000000000000006
SCAND1	1.8120935467179e-28	-0.32857342212750695	0.31	0.571	6.077399336982493e-24	-0.26099999999999995
PRELID1	6.617331446525235e-27	-0.3403517176118047	0.427	0.688	2.2193206205356333e-22	-0.26099999999999995
DYNLL1	1.3460423460300252e-56	-0.5425049500015562	0.581	0.842	4.514356820115499e-52	-0.261
RAB27A	1.0194669043877193e-35	-0.4250802765362752	0.261	0.522	3.419088103935533e-31	-0.261
TRAPPC1	1.5414118336825673e-33	-0.3669738809244045	0.25	0.511	5.169587007804594e-29	-0.261
PSMB6	8.101699579000701e-26	-0.30630134890763916	0.344	0.605	2.7171480048052553e-21	-0.261
FKBP1A	3.0932267602827536e-37	-0.40959054138010254	0.214	0.476	1.03740639086363e-32	-0.262
KRT10	2.3388290026567833e-33	-0.3690788088976469	0.263	0.525	7.84396470911032e-29	-0.262
SNRPD2	5.920286568462232e-28	-0.3333600455172181	0.515	0.777	1.9855457093308634e-23	-0.262
SELENOT	1.2430691683537915e-26	-0.30575468525307703	0.32	0.583	4.169005376824946e-22	-0.26299999999999996
IL26	1.1861043912898196e-75	-0.8062299551225747	0.018	0.281	3.977956907507797e-71	-0.263
PDIA3	1.297095539071605e-32	-0.39532746603535096	0.349	0.612	4.350199018938348e-28	-0.263
TRMT112	2.024240436449533e-28	-0.36379083451398153	0.422	0.685	6.788897575764445e-24	-0.26300000000000007
BRK1	2.7778314396551156e-25	-0.30292754248518206	0.408	0.671	9.316291082315326e-21	-0.26300000000000007
PPDPF	6.595809035735172e-35	-0.4199730152535144	0.464	0.728	2.2121024344048618e-30	-0.26399999999999996
CALR	7.431748743892155e-37	-0.5056620379718377	0.349	0.613	2.492459893726551e-32	-0.264
PDIA6	1.2514941832560325e-35	-0.4273778734190936	0.277	0.541	4.197261191804081e-31	-0.264
NAA38	5.963410690777933e-48	-0.482363370342774	0.146	0.411	2.000008677473103e-43	-0.265
CD84	3.3851223631141556e-35	-0.36775254598295026	0.277	0.542	1.1353023381412255e-30	-0.265
AP2S1	3.010216875026639e-31	-0.3684441770826803	0.286	0.551	1.0095665355464341e-26	-0.26500000000000007
SEC61G	2.824737291921135e-28	-0.37281676140277464	0.418	0.683	9.473603929645103e-24	-0.26500000000000007
EIF4G2	1.5623950143820933e-27	-0.32806487898989056	0.411	0.676	5.239960399234665e-23	-0.26500000000000007
DYNLRB1	1.874853364083271e-36	-0.45726074835804176	0.455	0.721	6.287883212462475e-32	-0.26599999999999996
COX7A2L	4.809443673868276e-32	-0.3684656659094543	0.301	0.567	1.6129912193419423e-27	-0.26599999999999996
ETFB	6.431551371081756e-53	-0.4935116172409445	0.116	0.382	2.1570136988333993e-48	-0.266
PARK7	1.0778332804737368e-44	-0.46253220804603856	0.527	0.793	3.6148372560528187e-40	-0.266
GLO1	3.4668570937913826e-36	-0.4149035467277651	0.276	0.542	1.1627145321157539e-31	-0.266
ATP6V1F	1.5627002261336068e-23	-0.28348360898028524	0.4	0.666	5.240984018406891e-19	-0.266
GBP2	1.0757285245747126e-44	-0.49467241189668043	0.202	0.47	3.607778325718671e-40	-0.26799999999999996
DUSP4	1.8023909770511965e-38	-0.446579375736742	0.37	0.638	6.044858858834302e-34	-0.268
PSMA1	1.1102196745302939e-32	-0.4010383215290534	0.382	0.65	3.7234547444396996e-28	-0.268
ATP5F1A	1.1319068405531811e-32	-0.36559179553574417	0.282	0.55	3.7961891618472585e-28	-0.26800000000000007
BST2	8.17017533761006e-42	-0.4889695434113136	0.237	0.506	2.740113404727662e-37	-0.269
NDUFB2	3.925151617071804e-37	-0.40694736875323345	0.533	0.803	1.3164173493335417e-32	-0.27
COX7B	9.518958581437115e-37	-0.42830156391469654	0.485	0.755	3.1924683290423797e-32	-0.27
SSR3	6.435948067287186e-31	-0.34750774795623296	0.406	0.677	2.1584882628067763e-26	-0.271
NDFIP1	4.965086443346762e-34	-0.38380760084425014	0.306	0.578	1.6651906913696372e-29	-0.27199999999999996
CBX3	1.5570843825428748e-33	-0.40307519677115655	0.431	0.703	5.222149602172293e-29	-0.27199999999999996
SATB1	1.2526330134489334e-58	-0.6067084483986187	0.105	0.377	4.2010806005050325e-54	-0.272
TNFRSF18	5.296364568003489e-49	-0.699689255635515	0.3	0.573	1.77629474881701e-44	-0.27299999999999996
TNFAIP3	2.984133931965303e-40	-0.4688951543129132	0.325	0.598	1.0008188381025234e-35	-0.27299999999999996
ATP5F1C	2.686167748581729e-34	-0.3864648908697983	0.301	0.574	9.008869395193403e-30	-0.27299999999999996
ARHGEF12	3.5898634163555756e-76	-0.8274639249339457	0.033	0.306	1.203968392577333e-71	-0.273
ATP5MD	4.986324581603575e-34	-0.38229547809146047	0.469	0.742	1.672313538178207e-29	-0.273
CLTA	5.9254675267384275e-34	-0.40062699496199494	0.321	0.595	1.9872832991175338e-29	-0.27399999999999997
SEC11C	1.0750358508668937e-33	-0.393689671713894	0.321	0.595	3.605455236637388e-29	-0.27399999999999997
LAYN	5.416255654579873e-79	-0.8754354538592297	0.026	0.301	1.8165038214329976e-74	-0.27499999999999997
MRPS6	1.950383201455201e-42	-0.5275874077984193	0.443	0.718	6.541195181040453e-38	-0.27499999999999997
NDUFB10	2.826430003822145e-30	-0.343896963672665	0.428	0.703	9.47928094681871e-26	-0.27499999999999997
CD82	3.0323414551812012e-62	-0.5888116610411953	0.089	0.364	1.0169866772386713e-57	-0.275
MRPS21	1.6678126534878808e-40	-0.4235318961429796	0.239	0.515	5.593510077267654e-36	-0.276
CD52	8.464847282129285e-77	-0.8519472554690202	0.523	0.8	2.8389404814805197e-72	-0.277
ZNRF1	1.1174383141204722e-39	-0.4416835956642935	0.304	0.582	3.74766461789724e-35	-0.27799999999999997
NDUFB11	1.0534717693698503e-32	-0.3554836179865051	0.462	0.741	3.533133620112604e-28	-0.27899999999999997
KRTCAP2	1.0817943057177831e-42	-0.4806073884210218	0.255	0.534	3.628121742516301e-38	-0.279
COPS9	6.9671875874618254e-34	-0.40705392420633335	0.434	0.714	2.336655373082947e-29	-0.27999999999999997
ZNHIT1	6.289052198519659e-39	-0.42309086109018024	0.273	0.553	2.1092223263395233e-34	-0.28
REEP5	4.084973516572835e-34	-0.37934247950630207	0.421	0.702	1.3700184179881974e-29	-0.28099999999999997
NOP10	1.127595434780441e-34	-0.4045683907125892	0.35	0.631	3.781729569166643e-30	-0.281
ATP5F1D	9.761812599524275e-40	-0.42430553548589267	0.504	0.786	3.273916709628451e-35	-0.28200000000000003
PPP1CA	1.2365761704863066e-38	-0.42235055589976467	0.298	0.581	4.147229160576975e-34	-0.283
LDHB	8.435426402097375e-47	-0.500441882334566	0.437	0.721	2.8290733067354174e-42	-0.284
MRPL51	8.923708469177653e-36	-0.39072107401997824	0.34	0.624	2.9928333463928013e-31	-0.284
EID1	1.2635567841103774e-36	-0.4321418723092305	0.391	0.675	4.237716742549384e-32	-0.28400000000000003
NDUFA11	3.972585231288639e-34	-0.38775019042643244	0.391	0.675	1.332325634869584e-29	-0.28400000000000003
NAP1L4	2.379311522112439e-87	-0.7790864165916969	0.54	0.825	7.979734982860699e-83	-0.2849999999999999
PRKAR1A	1.058042078625904e-43	-0.5030328602402339	0.295	0.581	3.5484615232955567e-39	-0.286
MT2A	9.507746926308312e-66	-1.2929292555526837	0.283	0.57	3.188708164145282e-61	-0.287
DRAP1	3.6857897449395003e-37	-0.42079303222599873	0.41	0.698	1.2361401646578097e-32	-0.288
FLNA	1.5702573428701228e-55	-0.642248331911113	0.176	0.464	5.2663290765178175e-51	-0.28800000000000003
CACYBP	6.80748301353441e-45	-0.5203687762842732	0.334	0.623	2.2830936530791704e-40	-0.289
ARL3	1.6120923458329272e-46	-0.46555232803365654	0.221	0.51	5.406635309454471e-42	-0.28900000000000003
ITGAE	1.1680930909498124e-49	-0.5338120272971912	0.222	0.512	3.9175506084274805e-45	-0.29000000000000004
LINC01943	1.9586679056531152e-60	-0.7279527700044224	0.167	0.458	6.568980421979418e-56	-0.29100000000000004
COX5A	6.515035039879089e-38	-0.396073178505828	0.365	0.656	2.1850124516746487e-33	-0.29100000000000004
TMEM50A	7.019515949162882e-78	-0.6469453739862927	0.557	0.849	2.3542052590302473e-73	-0.2919999999999999
TMCO1	2.8436364073793366e-42	-0.46601997524256933	0.276	0.568	9.536987783068819e-38	-0.2919999999999999
COX8A	3.2046882971329935e-38	-0.4035884399600054	0.475	0.767	1.0747883610924634e-33	-0.29200000000000004
LIMD2	7.197055577692657e-54	-0.5684453610426666	0.193	0.486	2.413748499646563e-49	-0.293
POLR2L	2.7710667009086733e-39	-0.4647710477120168	0.419	0.712	9.293603501507508e-35	-0.293
ARL6IP1	6.6927230062905904e-46	-0.4774666969808622	0.236	0.529	2.2446054418497382e-41	-0.29300000000000004
CD74	3.431784268529917e-60	-0.920002314414109	0.232	0.526	1.1509518079795636e-55	-0.29400000000000004
C4orf48	2.1707211382078774e-39	-0.4130751118053193	0.299	0.594	7.280164553321579e-35	-0.295
APBB1IP	1.6010006323627044e-40	-0.42401829234958544	0.307	0.603	5.369435920818038e-36	-0.296
ATP5MPL	6.997676661545667e-39	-0.42019964494695583	0.335	0.632	2.3468807987491855e-34	-0.297
OSTF1	2.2682396026503333e-49	-0.5404585389535879	0.349	0.646	7.607221979368688e-45	-0.29700000000000004
ATP5MF	2.0621640655674017e-39	-0.4234835981052816	0.377	0.676	6.916085843099952e-35	-0.29900000000000004
SEPT6	1.8227043144577636e-50	-0.5528795554628088	0.294	0.594	6.112985729828447e-46	-0.3
COX6B1	5.563266039224222e-72	-0.5896903638763609	0.545	0.846	1.8658081642350194e-67	-0.30099999999999993
HIGD2A	1.1922726015373209e-44	-0.47924610237877907	0.311	0.612	3.998643851035867e-40	-0.301
NDUFB3	4.319329185175025e-52	-0.5069246237424045	0.202	0.504	1.4486166221239999e-47	-0.302
BAX	2.497683985639001e-46	-0.5036764840356431	0.322	0.625	8.376732551036082e-42	-0.303
MINOS1	5.411949010069901e-51	-0.5132033873182771	0.223	0.526	1.8150594589972434e-46	-0.30300000000000005
PDE3B	1.158993819495251e-63	-0.672986504421957	0.169	0.473	3.8870334718231728e-59	-0.30399999999999994
LAMTOR4	1.3383031601863245e-45	-0.4536287604449838	0.26	0.565	4.488401138632895e-41	-0.30499999999999994
SH3BGRL	7.400036726815785e-57	-0.570400064103468	0.198	0.503	2.4818243174394778e-52	-0.305
VPS28	2.1328214663860405e-42	-0.439817469129526	0.335	0.64	7.153056633965503e-38	-0.305
FKBP8	1.1550350804947245e-50	-0.5058702843034	0.241	0.548	3.873756652963207e-46	-0.30700000000000005
ZCRB1	9.549906332167884e-72	-0.6705651695464983	0.108	0.419	3.202847585682465e-67	-0.311
MIS18BP1	1.1184146323942913e-55	-0.570761320743904	0.27	0.582	3.7509389941239744e-51	-0.31199999999999994
CXCL13	2.3359771181619933e-100	-3.0245976902228904	0.001	0.313	7.834400058891693e-96	-0.312
DBI	1.647587196135057e-57	-0.5427201516252083	0.456	0.769	5.525677938397754e-53	-0.313
PTPN22	4.2421214428153167e-57	-0.6099131769999965	0.23	0.543	1.422722689491401e-52	-0.31300000000000006
JUN	1.3080984268020007e-71	-0.9027705239008654	0.178	0.492	4.38710050380855e-67	-0.314
PTMS	1.6163013642319627e-74	-0.8205733965801923	0.139	0.456	5.4207515153611565e-70	-0.317
RGS10	2.9354464861764965e-62	-0.6578723544922069	0.401	0.719	9.844900425338734e-58	-0.31799999999999995
PSME1	1.1875967609355843e-60	-0.5849266429626394	0.469	0.789	3.982962016825763e-56	-0.32000000000000006
MXD4	2.7620440721515806e-68	-0.6382469936209977	0.151	0.473	9.263343409181971e-64	-0.32199999999999995
AAK1	6.761921528723964e-55	-0.5370208562747114	0.357	0.679	2.267813242303443e-50	-0.32200000000000006
HCST	7.049364015074213e-61	-0.634498979857004	0.265	0.588	2.3642157033755897e-56	-0.32299999999999995
NDUFA1	4.835748690220787e-58	-0.576351810988178	0.404	0.727	1.6218133957262474e-53	-0.32299999999999995
ENTPD1	6.143469988017614e-102	-1.1770092450481207	0.012	0.335	2.0603969645813473e-97	-0.323
ZEB2	7.005597360539581e-90	-0.8232710158408085	0.051	0.374	2.3495372427777649e-85	-0.323
UQCR11	8.086222710608872e-83	-0.6737813830795598	0.512	0.836	2.711957372684003e-78	-0.32399999999999995
LCK	2.7393831483018724e-62	-0.5718386832548779	0.444	0.768	9.187343202774819e-58	-0.324
POMP	2.4137710444753655e-53	-0.5214124773299227	0.345	0.673	8.095305328961481e-49	-0.32800000000000007
LPXN	1.2929055692717966e-68	-0.6227382861369563	0.165	0.495	4.336146698223751e-64	-0.32999999999999996
NUDT5	2.7181860955669546e-64	-0.639287862758648	0.24	0.571	9.116252527312453e-60	-0.33099999999999996
IL2RG	6.659068120887282e-60	-0.5987257961807202	0.36	0.692	2.2333182663831767e-55	-0.33199999999999996
BLOC1S1	3.418900791138486e-59	-0.595572108109953	0.28	0.612	1.1466309473320253e-54	-0.33199999999999996
PRDX5	4.3603029877913624e-57	-0.5538624545877664	0.324	0.657	1.4623584160454671e-52	-0.333
TMEM258	2.3770370269927963e-56	-0.5551470817753088	0.362	0.699	7.97210678112844e-52	-0.33699999999999997
ATP5ME	9.971326152311234e-66	-0.6474915991177059	0.376	0.714	3.3441833649621415e-61	-0.33799999999999997
ZFAND5	1.3437110134068511e-71	-0.7172068079238095	0.204	0.543	4.5065379967638974e-67	-0.3390000000000001
CD7	2.4219945028110664e-76	-0.933569303500406	0.272	0.613	8.122885163527755e-72	-0.34099999999999997
CRIP1	3.7182091235335015e-76	-0.8789191225569055	0.225	0.567	1.2470129758506657e-71	-0.34199999999999997
CD3G	2.4529449058429974e-163	-1.2454634840183463	0.501	0.845	8.226686625216245e-159	-0.344
CTSH	1.2235964636410795e-74	-0.7502021518880959	0.222	0.568	4.1036978197594524e-70	-0.346
CD3E	5.544873813629367e-108	-0.8181364400897393	0.474	0.828	1.859639779615017e-103	-0.354
DNPH1	8.592456046469128e-95	-0.8623886407280421	0.094	0.451	2.8817379088648163e-90	-0.357
AHI1	6.085594037729611e-93	-1.0966269142646758	0.245	0.604	2.040986528373757e-88	-0.359
SQSTM1	9.065059544921981e-102	-0.9852263717153986	0.399	0.766	3.040239670175934e-97	-0.367
SEM1	1.309443551216782e-82	-0.7028834791576496	0.255	0.632	4.391611782070843e-78	-0.377
ATP5MC2	4.27496091043607e-125	-0.8974287358945727	0.403	0.807	1.4337363901420491e-120	-0.404
LINC01871	5.882562172495821e-158	-1.368525167468989	0.369	0.786	1.9728937014116485e-153	-0.41700000000000004
LSP1	1.1692418155043268e-121	-0.9586039271537776	0.308	0.736	3.921403200838411e-117	-0.428
RPS4Y1	3.9812721308074904e-196	-1.9804760955354004	0.01	0.521	1.3352390472302161e-191	-0.511
SLC1A4	3.963862463220429e-185	-1.4198245256605238	0.138	0.657	1.3294001929148674e-180	-0.519
