response	cluster	gene	group1	group2	n_group1	n_group2	p_val	auc	avg_log2FC	pct.1	pct.2	p_val_adj	pct.diff	n
responders	Trm_merge	mm10---Gm42418	responders_Pre	responders_Post	2112	459	7.05804017076039e-139	0.8600852272727273	4.497441023781929	0.72	0	2.452174896527282e-134	0.72	1
responders	Trm_merge	SMAP2	responders_Pre	responders_Post	2112	459	2.61660727315335e-69	0.7600478848946987	1.3879074411235803	0.817	0.553	9.090878649116685e-65	0.2639999999999999	1
responders	Trm_merge	TSC22D3	responders_Pre	responders_Post	2112	459	1.102723154691621e-53	0.7286060152175349	1.3167321503532117	0.847	0.651	3.8311910563450985e-49	0.19599999999999995	1
responders	Trm_merge	SRGN	responders_Pre	responders_Post	2112	459	1.1155110407314966e-47	0.7156898849607183	0.8228035779170355	0.991	0.972	3.875620008813439e-43	0.01900000000000001	1
responders	Trm_merge	GNLY	responders_Pre	responders_Post	2112	459	3.1727760034510827e-47	0.6882881098567373	3.4959881180569345	0.452	0.089	1.1023175668790096e-42	0.363	1
responders	Trm_merge	NPM1	responders_Pre	responders_Post	2112	459	4.269130219912535e-43	0.7046346842609098	0.6122940171287219	0.958	0.946	1.483223912304212e-38	0.01200000000000001	1
responders	Trm_merge	FKBP5	responders_Pre	responders_Post	2112	459	3.594142492510619e-40	0.6942329751766027	1.0852815338924482	0.732	0.484	1.2487129261729644e-35	0.248	1
responders	Trm_merge	PDE3B	responders_Pre	responders_Post	2112	459	3.977075218493769e-40	0.6885346520763187	0.9214915809325888	0.617	0.292	1.38175524316129e-35	0.325	1
responders	Trm_merge	TXNIP	responders_Pre	responders_Post	2112	459	4.90243554632257e-39	0.6930368843665412	1.625529153140786	0.785	0.66	1.7032531818588502e-34	0.125	1
responders	Trm_merge	KIAA0319L	responders_Pre	responders_Post	2112	459	6.086739593540984e-37	0.6698067274047667	1.196691724239444	0.479	0.17	2.1147159369839438e-32	0.30899999999999994	1
responders	Trm_merge	HPGD	responders_Pre	responders_Post	2112	459	9.486098270953499e-37	0.6645220588235294	1.7908460634155194	0.434	0.142	3.295755122277375e-32	0.29200000000000004	1
responders	Trm_merge	NAP1L4	responders_Pre	responders_Post	2112	459	7.971306721586329e-35	0.6828512865583944	0.6942114798830077	0.886	0.804	2.7694710942807386e-30	0.08199999999999996	1
responders	Trm_merge	NEAT1	responders_Pre	responders_Post	2112	459	9.09876358373243e-33	0.6772679821086683	0.7219570077469397	0.974	0.926	3.161183431896158e-28	0.04799999999999993	1
responders	Trm_merge	GZMB	responders_Pre	responders_Post	2112	459	2.4502997672715e-30	0.6419247623291741	1.4017194443784395	0.375	0.107	8.513076481431372e-26	0.268	1
responders	Trm_merge	SATB1	responders_Pre	responders_Post	2112	459	7.136459013427354e-28	0.6460303607975176	0.7432297329477615	0.469	0.196	2.4794199550350655e-23	0.27299999999999996	1
responders	Trm_merge	AHI1	responders_Pre	responders_Post	2112	459	2.099593549751091e-25	0.6514042590942101	0.9298506697654148	0.68	0.488	7.294617869900216e-21	0.1920000000000001	1
responders	Trm_merge	GYPC	responders_Pre	responders_Post	2112	459	2.303805851214453e-25	0.6523878490790256	0.8376336653852998	0.716	0.562	8.004112668874374e-21	0.15399999999999991	1
responders	Trm_merge	SYTL3	responders_Pre	responders_Post	2112	459	2.659514246772729e-25	0.6403722684359939	0.8446023291779728	0.484	0.242	9.239950347562492e-21	0.242	1
responders	Trm_merge	ARL4C	responders_Pre	responders_Post	2112	459	1.111383171623484e-24	0.6523677337096455	0.6099657119703883	0.893	0.815	3.86127855317147e-20	0.07800000000000007	1
responders	Trm_merge	PRDM1	responders_Pre	responders_Post	2112	459	8.743165871157703e-24	0.6418840158117118	0.8598230524961346	0.574	0.366	3.0376381186163205e-19	0.20799999999999996	1
responders	Trm_merge	GABPB1-AS1	responders_Pre	responders_Post	2112	459	1.0889823603153524e-23	0.636243459926058	0.8570361127354273	0.493	0.255	3.783451414443629e-19	0.238	1
responders	Trm_merge	TNFRSF18	responders_Pre	responders_Post	2112	459	1.445207145798617e-23	0.6423337748399023	0.7892240620397466	0.598	0.388	5.021083186648135e-19	0.20999999999999996	1
responders	Trm_merge	BATF	responders_Pre	responders_Post	2112	459	3.033761014430272e-23	0.6472475985343632	0.6801423444395716	0.835	0.754	1.0540195892435095e-18	0.08099999999999996	1
responders	Trm_merge	ADGRG1	responders_Pre	responders_Post	2112	459	4.6057877346605193e-23	0.6217748357760613	0.8937294091327752	0.361	0.133	1.6001888326531038e-18	0.228	1
responders	Trm_merge	HIPK2	responders_Pre	responders_Post	2112	459	3.0778078873759503e-21	0.6279084761008781	0.8042128168904356	0.48	0.272	1.0693227943110263e-16	0.20799999999999996	1
responders	Trm_merge	PTPN13	responders_Pre	responders_Post	2112	459	1.1821658550783808e-20	0.6271389342774146	0.7344064496665313	0.497	0.285	4.1071988302988183e-16	0.212	1
responders	Trm_merge	ANKRD28	responders_Pre	responders_Post	2112	459	1.670571098758815e-20	0.632957949593979	0.7061939396822574	0.616	0.436	5.804065168417752e-16	0.18	1
responders	Trm_merge	MSI2	responders_Pre	responders_Post	2112	459	2.3815754714429604e-20	0.6194930307981779	0.6223874134549195	0.415	0.192	8.274307660434279e-16	0.223	1
responders	Trm_merge	CXCL13	responders_Pre	responders_Post	2112	459	5.228695827146322e-20	0.617003367003367	1.2472146390574932	0.401	0.174	1.8166057912254466e-15	0.22700000000000004	1
responders	Trm_merge	FURIN	responders_Pre	responders_Post	2112	459	7.810715780495969e-20	0.6296961650821945	0.6320872062883809	0.595	0.405	2.713676983617715e-15	0.18999999999999995	1
responders	Trm_merge	JAML	responders_Pre	responders_Post	2112	459	8.786609217315513e-20	0.6353351736317423	0.4294560992871838	0.934	0.926	3.052731640371929e-15	0.008	1
responders	Trm_merge	SLC1A4	responders_Pre	responders_Post	2112	459	1.8307167792040057e-19	0.6307597007658282	0.5848699559038841	0.669	0.46	6.360459305988476e-15	0.209	1
responders	Trm_merge	PNISR	responders_Pre	responders_Post	2112	459	2.697619652580967e-19	0.6328671725424176	0.5063525128586315	0.803	0.702	9.372339958962052e-15	0.10100000000000008	1
responders	Trm_merge	CD3D	responders_Pre	responders_Post	2112	459	6.394842786687375e-19	0.6321007253911666	0.5478249834863256	0.944	0.93	2.2217602293787943e-14	0.0139999999999999	1
responders	Trm_merge	IL26	responders_Pre	responders_Post	2112	459	2.2373760572109488e-18	0.6039237348979996	0.7292770698027453	0.323	0.126	7.773315635568e-14	0.197	1
responders	Trm_merge	OAZ1	responders_Pre	responders_Post	2112	459	2.8483490778263553e-18	0.6296203456129926	0.33663539904627315	0.976	0.967	9.896019201092108e-14	0.009	1
responders	Trm_merge	MGAT4A	responders_Pre	responders_Post	2112	459	6.951054192400715e-18	0.6216097865914042	0.5979259352274284	0.571	0.381	2.4150047580657804e-13	0.18999999999999995	1
responders	Trm_merge	CTLA4	responders_Pre	responders_Post	2112	459	8.875936201513289e-18	0.6037581699346405	0.5809146849971663	0.338	0.139	3.083766514491763e-13	0.199	1
responders	Trm_merge	CD7	responders_Pre	responders_Post	2112	459	1.0966444640503022e-17	0.6242815202680398	0.6412717685839429	0.677	0.462	3.810071861449965e-13	0.215	1
responders	Trm_merge	RGS1	responders_Pre	responders_Post	2112	459	1.3703230706416427e-17	0.62521198504654385	0.725092510226637	0.728	0.569	4.760913444330259e-13	0.15900000000000003	1
responders	Trm_merge	BLM	responders_Pre	responders_Post	2112	459	1.8747284812825246e-17	0.6040103857199446	0.5288807784820049	0.35	0.146	6.513369162519875e-13	0.204	1
responders	Trm_merge	SLC27A2	responders_Pre	responders_Post	2112	459	1.9483286870662308e-17	0.5992466536277811	0.5718083566414904	0.308	0.115	6.769078357474206e-13	0.193	1
responders	Trm_merge	HERPUD1	responders_Pre	responders_Post	2112	459	2.6944119830212208e-17	0.6237920462797913	0.5603403702377545	0.707	0.58	9.361195552610628e-13	0.127	1
responders	Trm_merge	SMIM3	responders_Pre	responders_Post	2112	459	1.2038368189813712e-16	0.5948568610946062	0.5621322005900901	0.291	0.111	4.182490260186977e-12	0.18	1
responders	Trm_merge	TSHZ2	responders_Pre	responders_Post	2112	459	1.7886955300796518e-16	0.6095973006205849	0.6248647090834973	0.451	0.255	6.2144648801557345e-12	0.196	1
responders	Trm_merge	PIK3IP1	responders_Pre	responders_Post	2112	459	1.9644384419438831e-16	0.6175908389450057	0.5973217187220672	0.607	0.444	6.825048478845633e-12	0.16299999999999998	1
responders	Trm_merge	BTF3	responders_Pre	responders_Post	2112	459	3.1887191419077943e-16	0.6214153380207301	0.33290022803423636	0.949	0.954	1.1078566914730249e-11	-0.005	1
responders	Trm_merge	MT2A	responders_Pre	responders_Post	2112	459	3.777129362422899e-16	0.6150836386743249	0.9559327070999936	0.572	0.392	1.312288054386588e-11	0.17999999999999994	1
responders	Trm_merge	B2M	responders_Pre	responders_Post	2112	459	4.1219137129025794e-16	0.6209614527629234	0.2271217724473615	1	1	1.4320764812737429e-11	0	1
responders	Trm_merge	mm10---Lars2	responders_Pre	responders_Post	2112	459	4.3414982507657724e-16	0.5646306818181818	0.4039143933988952	0.129	0	1.5083667372635523e-11	0.129	1
responders	Trm_merge	GPR171	responders_Pre	responders_Post	2112	459	5.309233707987864e-16	0.6176558270614643	0.6161955912198323	0.665	0.523	1.8445870671662236e-11	0.14200000000000002	1
responders	Trm_merge	GK	responders_Pre	responders_Post	2112	459	6.175543870519404e-16	0.584105454050307	0.4761600910657672	0.231	0.063	2.145569206934556e-11	0.168	1
responders	Trm_merge	HMGB2	responders_Pre	responders_Post	2112	459	9.711999751718797e-16	0.6170141983561102	0.9299446863251852	0.679	0.569	3.374240073739661e-11	0.1100000000000001	1
responders	Trm_merge	TSPAN14	responders_Pre	responders_Post	2112	459	9.751628345084364e-16	0.6067558757509738	0.557463016107664	0.448	0.259	3.38800823593266e-11	0.189	1
responders	Trm_merge	SNX9	responders_Pre	responders_Post	2112	459	2.0508409399325952e-15	0.6063350003300984	0.701489767834885	0.456	0.292	7.125236677607815e-11	0.16400000000000003	1
responders	Trm_merge	HAVCR2	responders_Pre	responders_Post	2112	459	4.3739379470659745e-15	0.5661486185383244	0.428983146944411	0.145	0.013	1.5196372609491316e-10	0.13199999999999998	1
responders	Trm_merge	ISG20	responders_Pre	responders_Post	2112	459	7.104963321904863e-15	0.6143904320987654	0.44297624792342005	0.741	0.599	2.4684774069294067e-10	0.14200000000000002	1
responders	Trm_merge	MYL6B	responders_Pre	responders_Post	2112	459	8.22099639758516e-15	0.5764528454479435	0.4022159933128637	0.202	0.05	2.8562207784130123e-10	0.15200000000000002	1
responders	Trm_merge	ZNRF1	responders_Pre	responders_Post	2112	459	1.2884292881580271e-14	0.6089618612596553	0.5180706626471296	0.571	0.412	4.4763898758474326e-10	0.15899999999999995	1
responders	Trm_merge	NCAPH	responders_Pre	responders_Post	2112	459	1.8757480768735782e-14	0.581265576516802	0.4298160161160916	0.24	0.081	6.516911543481873e-10	0.15899999999999995	1
responders	Trm_merge	RDH10	responders_Pre	responders_Post	2112	459	2.406972522709399e-14	0.5832105780022446	0.551053861977449	0.256	0.094	8.362544635649265e-10	0.162	1
responders	Trm_merge	CARS	responders_Pre	responders_Post	2112	459	2.7056002259591532e-14	0.5952225481943619	0.6433589858338217	0.367	0.194	9.400066865049883e-10	0.173	1
responders	Trm_merge	CHN1	responders_Pre	responders_Post	2112	459	2.836056354574332e-14	0.5873362918399683	0.5497789933202224	0.291	0.124	9.853310592697603e-10	0.16699999999999998	1
responders	Trm_merge	ZFAND5	responders_Pre	responders_Post	2112	459	5.481979129761896e-14	0.6085373753878656	0.5351711726532231	0.638	0.499	1.9046040090531753e-9	0.139	1
responders	Trm_merge	ANKS1B	responders_Pre	responders_Post	2112	459	1.023169762571035e-13	0.5764703819238133	0.4765204121906806	0.222	0.072	3.554798706100547e-9	0.15000000000000002	1
responders	Trm_merge	NUSAP1	responders_Pre	responders_Post	2112	459	1.1087004667134641e-13	0.5898151242820361	0.68779419340171	0.332	0.17	3.851958031502588e-9	0.162	1
responders	Trm_merge	ETV7	responders_Pre	responders_Post	2112	459	1.1765745628437618e-13	0.5842261462665874	0.5137792394648039	0.282	0.12	4.087773003688081e-9	0.16199999999999998	1
responders	Trm_merge	ZMYND8	responders_Pre	responders_Post	2112	459	1.326866079910307e-13	0.5901710115864528	0.5204653904171506	0.34	0.168	4.60993082143238e-9	0.172	1
responders	Trm_merge	COTL1	responders_Pre	responders_Post	2112	459	1.3442744814025378e-13	0.6090180811381791	0.5370742552988692	0.747	0.673	4.670412830736836e-9	0.07399999999999995	1
responders	Trm_merge	EEF2	responders_Pre	responders_Post	2112	459	1.5153506097910665e-13	0.6095431438568694	0.3896921501762965	0.837	0.786	5.2647826235971034e-9	0.05099999999999993	1
responders	Trm_merge	CPM	responders_Pre	responders_Post	2112	459	1.8280602590632834e-13	0.5876798004555357	0.640191567524735	0.32	0.15	6.3512297580635664e-9	0.17	1
responders	Trm_merge	GRAMD1B	responders_Pre	responders_Post	2112	459	1.9186566000421082e-13	0.5903040824915825	0.5232526217707285	0.347	0.183	6.665988625526296e-9	0.16399999999999998	1
responders	Trm_merge	COX4I1	responders_Pre	responders_Post	2112	459	2.796779625007981e-13	0.6085956583811976	0.35512295079144396	0.947	0.946	9.716851451165226e-9	0.001	1
responders	Trm_merge	NFKBIA	responders_Pre	responders_Post	2112	459	5.09566912458539e-13	0.5971340240641712	0.6167197974024409	0.46	0.309	1.7703883239547022e-8	0.15100000000000002	1
responders	Trm_merge	CEBPB	responders_Pre	responders_Post	2112	459	6.288958506945475e-13	0.5980160056446822	0.537886195605948	0.484	0.329	2.1849728540680655e-8	0.15499999999999997	1
responders	Trm_merge	S100A4	responders_Pre	responders_Post	2112	459	6.949219026163345e-13	0.6067589704231862	0.4125872406897839	0.95	0.913	2.414367166259931e-8	0.03699999999999992	1
responders	Trm_merge	CAPZB	responders_Pre	responders_Post	2112	459	7.015944576236158e-13	0.6052131816531326	0.4294310043009933	0.712	0.612	2.4375496241217286e-8	0.09999999999999998	1
responders	Trm_merge	PDCD1	responders_Pre	responders_Post	2112	459	9.540964778750469e-13	0.5785149286987522	0.6676351943402193	0.259	0.111	3.314817393081275e-8	0.14800000000000002	1
responders	Trm_merge	MXD4	responders_Pre	responders_Post	2112	459	1.755098301203697e-12	0.5968343566382782	0.4353908442708727	0.502	0.333	6.097738027872005e-8	0.16899999999999998	1
responders	Trm_merge	LRRN3	responders_Pre	responders_Post	2112	459	1.90870210144239e-12	0.5857208729451376	0.6049375142578207	0.337	0.181	6.631403711041295e-8	0.15600000000000003	1
responders	Trm_merge	HIST1H1D	responders_Pre	responders_Post	2112	459	2.8832248286819536e-12	0.5873615649963689	0.5097795807436935	0.366	0.2	1.0017188022289712e-7	0.16599999999999998	1
responders	Trm_merge	TOB1	responders_Pre	responders_Post	2112	459	2.953457636391425e-12	0.5877581988182479	0.5350707254259197	0.369	0.216	1.0261197866114727e-7	0.153	1
responders	Trm_merge	RAB27A	responders_Pre	responders_Post	2112	459	3.5393291844566914e-12	0.5996226563015778	0.4661238501627545	0.608	0.475	1.2296691385557884e-7	0.133	1
responders	Trm_merge	GMFG	responders_Pre	responders_Post	2112	459	4.200678637936515e-12	0.6028823776985541	0.36420423087551335	0.857	0.83	1.4594417791782836e-7	0.02700000000000002	1
responders	Trm_merge	ZCRB1	responders_Pre	responders_Post	2112	459	4.894733711285823e-12	0.5923888600052816	0.5017007379969077	0.453	0.292	1.7005773333120337e-7	0.16100000000000003	1
responders	Trm_merge	SLA	responders_Pre	responders_Post	2112	459	5.129338596155568e-12	0.6008930192447349	0.4257763108118149	0.699	0.58	1.782086108462329e-7	0.119	1
responders	Trm_merge	IL7R	responders_Pre	responders_Post	2112	459	6.602154874863923e-12	0.6019875016504919	0.5721979225712399	0.87	0.885	2.293786668173973e-7	-0.01500000000000001	1
responders	Trm_merge	CBLB	responders_Pre	responders_Post	2112	459	7.033212444479385e-12	0.5949264912193833	0.4617201663625584	0.518	0.355	2.4435489995854724e-7	0.16300000000000003	1
responders	Trm_merge	HLA-A	responders_Pre	responders_Post	2112	459	8.013262264106101e-12	0.6016816448801743	0.21802093906039224	0.997	1	2.7840477084183825e-7	-0.003	1
responders	Trm_merge	MYH9	responders_Pre	responders_Post	2112	459	1.0349857095623898e-11	0.5995112481019343	0.4785368849399634	0.702	0.597	3.5958508507326106e-7	0.10499999999999998	1
responders	Trm_merge	DDX3X	responders_Pre	responders_Post	2112	459	1.4889568985933037e-11	0.599690739090249	0.3843702335363075	0.782	0.68	5.173082952782715e-7	0.10199999999999998	1
responders	Trm_merge	CELF2	responders_Pre	responders_Post	2112	459	1.6992319937233253e-11	0.594612381989833	0.552943888033536	0.55	0.42	5.903641715792949e-7	0.13000000000000006	1
responders	Trm_merge	IKZF1	responders_Pre	responders_Post	2112	459	1.774666394747939e-11	0.5994751435927906	0.40086435638967544	0.799	0.721	6.165723455272764e-7	0.07800000000000007	1
responders	Trm_merge	FUCA1	responders_Pre	responders_Post	2112	459	1.9881204029675014e-11	0.5592278999141744	0.4689788619871154	0.156	0.039	6.907326716029991e-7	0.117	1
responders	Trm_merge	TNFAIP3	responders_Pre	responders_Post	2112	459	2.091095660495043e-11	0.597472374892718	0.4433974848357569	0.677	0.532	7.265093653257927e-7	0.14500000000000002	1
responders	Trm_merge	HLA-DPA1	responders_Pre	responders_Post	2112	459	2.3522929323160716e-11	0.5888170924935631	0.5215270376507282	0.442	0.285	8.172571334745728e-7	0.15700000000000003	1
responders	Trm_merge	MT-CO2	responders_Pre	responders_Post	2112	459	2.588316171493914e-11	0.5991532976827094	0.25669128701514765	0.999	1	8.992586874621305e-7	-0.001	1
responders	Trm_merge	PPFIBP1	responders_Pre	responders_Post	2112	459	2.982966427154586e-11	0.5540391661715192	0.3841424294301864	0.131	0.024	1.0363720257863178e-6	0.107	1
responders	Trm_merge	DCP1B	responders_Pre	responders_Post	2112	459	5.1199396388434246e-11	0.5738363000924276	0.4610084396249038	0.271	0.133	1.778820628723371e-6	0.138	1
responders	Trm_merge	SLC1A5	responders_Pre	responders_Post	2112	459	5.4459549220958065e-11	0.5732147867564534	0.4719603546103152	0.266	0.131	1.892088118583746e-6	0.135	1
responders	Trm_merge	MT1E	responders_Pre	responders_Post	2112	459	5.4905731510505345e-11	0.556364296560375	0.38243826623907706	0.147	0.035	1.9075898298694874e-6	0.112	1
responders	Trm_merge	MCAM	responders_Pre	responders_Post	2112	459	1.0375378509435696e-10	0.5626892907836535	0.4359875910751789	0.19	0.07	3.604717755533244e-6	0.12	1
responders	Trm_merge	EID1	responders_Pre	responders_Post	2112	459	1.0576877767639529e-10	0.5944571326005149	0.422525035909846	0.694	0.621	3.6747246428110023e-6	0.07299999999999995	1
responders	Trm_merge	ENTPD1	responders_Pre	responders_Post	2112	459	1.0642254475978271e-10	0.5803093228031954	0.5547976576517576	0.356	0.214	3.697438472589131e-6	0.142	1
responders	Trm_merge	FYN	responders_Pre	responders_Post	2112	459	1.0890585581152279e-10	0.5947691787152571	0.3971362536941947	0.725	0.632	3.783716148459737e-6	0.09299999999999996	1
responders	Trm_merge	ZFAS1	responders_Pre	responders_Post	2112	459	1.1305296343037048e-10	0.5955846248432033	0.4013066667349854	0.825	0.773	3.9277991084613615e-6	0.05199999999999993	1
responders	Trm_merge	ARL6IP5	responders_Pre	responders_Post	2112	459	1.2717682800557703e-10	0.5954706377500495	0.39109083339538486	0.864	0.813	4.418504535397763e-6	0.05100000000000004	1
responders	Trm_merge	PCSK7	responders_Pre	responders_Post	2112	459	1.3495296726188734e-10	0.585113285634119	0.4440103323033703	0.438	0.283	4.688670941579753e-6	0.15500000000000003	1
responders	Trm_merge	ZNF282	responders_Pre	responders_Post	2112	459	1.4194573039091867e-10	0.5577424572522611	0.3290099407114637	0.161	0.048	4.931620510971687e-6	0.113	1
responders	Trm_merge	NSD3	responders_Pre	responders_Post	2112	459	1.4302352997681516e-10	0.5934735426156995	0.3846525595803581	0.682	0.562	4.969066501984489e-6	0.12	1
responders	Trm_merge	RNF115	responders_Pre	responders_Post	2112	459	1.4416162815456349e-10	0.5801783150128739	0.39620817458280855	0.362	0.216	5.008607446974e-6	0.146	1
responders	Trm_merge	GSPT1	responders_Pre	responders_Post	2112	459	2.1687269990224478e-10	0.5921944114346075	0.3716042094817129	0.664	0.536	7.53480821270369e-6	0.128	1
responders	Trm_merge	HLA-DPB1	responders_Pre	responders_Post	2112	459	2.221175058048757e-10	0.5852742085891596	0.4474695359386024	0.458	0.314	7.717028504178797e-6	0.14400000000000002	1
responders	Trm_merge	ID2	responders_Pre	responders_Post	2112	459	2.9353643638059964e-10	0.5900271093285799	0.5023449681000967	0.597	0.473	1.0198336409171171e-5	0.124	1
responders	Trm_merge	DUSP4	responders_Pre	responders_Post	2112	459	3.0132499718501105e-10	0.5918421345811051	0.4798539192942719	0.684	0.569	1.046893437719884e-5	0.1150000000000001	1
responders	Trm_merge	DNAJC15	responders_Pre	responders_Post	2112	459	3.5046851989641264e-10	0.5714683600713012	0.394068779703331	0.28	0.139	1.2176327786761064e-5	0.141	1
responders	Trm_merge	ST3GAL1	responders_Pre	responders_Post	2112	459	4.2137824156492456e-10	0.5647689105103321	0.3650978323204696	0.222	0.094	1.4639944246690176e-5	0.128	1
responders	Trm_merge	GTF2H5	responders_Pre	responders_Post	2112	459	4.36791553623875e-10	0.5791921461345481	0.4036037100088886	0.378	0.235	1.517544894755429e-5	0.14300000000000002	1
responders	Trm_merge	GLCCI1	responders_Pre	responders_Post	2112	459	5.131933164571544e-10	0.5730244644153958	0.3768472724410585	0.304	0.161	1.7829875393670914e-5	0.143	1
responders	Trm_merge	AGPAT5	responders_Pre	responders_Post	2112	459	5.144643667739406e-10	0.5645930299729319	0.3841865000865203	0.223	0.096	1.7874035494827023e-5	0.127	1
responders	Trm_merge	EVL	responders_Pre	responders_Post	2112	459	5.8001349706877e-10	0.5907605466428996	0.46170662479112035	0.705	0.627	2.015140892866028e-5	0.07799999999999996	1
responders	Trm_merge	SOX4	responders_Pre	responders_Post	2112	459	6.050508572067669e-10	0.5588297187561894	0.8611369160090657	0.181	0.068	2.10212819319347e-5	0.113	1
responders	Trm_merge	ARHGEF12	responders_Pre	responders_Post	2112	459	7.009849724694136e-10	0.5788924787086552	0.4395715984200036	0.388	0.244	2.435432089850484e-5	0.14400000000000002	1
responders	Trm_merge	ATP5MC2	responders_Pre	responders_Post	2112	459	7.389832909687367e-10	0.591316040305011	0.34641012626399137	0.829	0.81	2.567449647812682e-5	0.0189999999999999	1
responders	Trm_merge	GALNT2	responders_Pre	responders_Post	2112	459	7.474937489401683e-10	0.5647039223938733	0.4589935633912494	0.228	0.107	2.5970175319428267e-5	0.121	1
responders	Trm_merge	H1FX	responders_Pre	responders_Post	2112	459	1.5051950741292042e-9	0.5789311621113091	0.4269813883271548	0.414	0.272	5.229499246047095e-5	0.14199999999999996	1
responders	Trm_merge	RCSD1	responders_Pre	responders_Post	2112	459	1.6731536168887983e-9	0.5770129811183733	0.41202441405489665	0.384	0.253	5.813037611156752e-5	0.131	1
responders	Trm_merge	TP53INP1	responders_Pre	responders_Post	2112	459	1.9701707307243664e-9	0.5682297856011091	0.3484958137727018	0.277	0.146	6.844964169755666e-5	0.13100000000000003	1
responders	Trm_merge	ANP32B	responders_Pre	responders_Post	2112	459	2.078723358929955e-9	0.5885024674853107	0.35183142892353536	0.77	0.734	7.222108565930343e-5	0.03600000000000003	1
responders	Trm_merge	SLA2	responders_Pre	responders_Post	2112	459	2.2306640574368292e-9	0.5598292978807685	0.36444833518646774	0.203	0.085	7.749996134752777e-5	0.118	1
responders	Trm_merge	CREBZF	responders_Pre	responders_Post	2112	459	2.255164475926344e-9	0.5844871302898264	0.528655370758957	0.558	0.464	7.835117938710896e-5	0.09400000000000004	1
responders	Trm_merge	LRMP	responders_Pre	responders_Post	2112	459	2.288332324310605e-9	0.5479756717501816	0.28395971585618685	0.125	0.031	7.950352994352335e-5	0.094	1
responders	Trm_merge	NPDC1	responders_Pre	responders_Post	2112	459	3.5048140535928413e-9	0.5477894756387404	0.2672820649640847	0.127	0.033	1.217677546639761e-4	0.094	1
responders	Trm_merge	LAYN	responders_Pre	responders_Post	2112	459	3.5468934378874526e-9	0.5726685771109791	0.4564348948207835	0.344	0.209	1.2322971871252378e-4	0.13499999999999998	1
responders	Trm_merge	TRPS1	responders_Pre	responders_Post	2112	459	3.55993326069566e-9	0.563517631379151	0.41232274911174194	0.241	0.118	1.2368276127634932e-4	0.123	1
responders	Trm_merge	HCST	responders_Pre	responders_Post	2112	459	3.5957385621186383e-9	0.5851272116590744	0.3710518248537471	0.635	0.497	1.2492674486368788e-4	0.138	1
responders	Trm_merge	CCNG2	responders_Pre	responders_Post	2112	459	3.6204265054156542e-9	0.5746543251138839	0.4294944958433527	0.374	0.233	1.257844780776561e-4	0.141	1
responders	Trm_merge	D2HGDH	responders_Pre	responders_Post	2112	459	4.9808292969436845e-9	0.5554735467419291	0.3606156050729292	0.179	0.072	1.7304895226371444e-4	0.107	1
responders	Trm_merge	MAP3K1	responders_Pre	responders_Post	2112	459	5.319663904264074e-9	0.5693026053013798	0.4240194337494668	0.309	0.185	1.8482108302584672e-4	0.124	1
responders	Trm_merge	CIRBP	responders_Pre	responders_Post	2112	459	5.40914154825451e-9	0.5838547856011091	0.3872926263968019	0.614	0.519	1.8792980481100645e-4	0.09499999999999996	1
responders	Trm_merge	TNS3	responders_Pre	responders_Post	2112	459	5.45855697834621e-9	0.5371515399088929	0.25485633956585846	0.079	0.004	1.896466450986824e-4	0.075	1
responders	Trm_merge	SEC14L1	responders_Pre	responders_Post	2112	459	5.486098499840394e-9	0.5711160832177989	0.3853462610199293	0.334	0.203	1.906035201799548e-4	0.131	1
responders	Trm_merge	NAMPT	responders_Pre	responders_Post	2112	459	5.782398442457985e-9	0.5776824618736384	0.5600283793959907	0.44	0.327	2.008978690863178e-4	0.113	1
responders	Trm_merge	SAT1	responders_Pre	responders_Post	2112	459	7.147076536016478e-9	0.5824714671222024	0.41018291394950745	0.588	0.466	2.483108800908205e-4	0.12199999999999994	1
responders	Trm_merge	LIMS1	responders_Pre	responders_Post	2112	459	8.074122656948385e-9	0.5771579149336502	0.4260805305591787	0.45	0.307	2.8051924347035777e-4	0.14300000000000002	1
responders	Trm_merge	RUNX2	responders_Pre	responders_Post	2112	459	8.793012889964268e-9	0.5634428434673533	0.33329313494977236	0.255	0.135	3.0549564683602856e-4	0.12	1
responders	Trm_merge	ATP6V1A	responders_Pre	responders_Post	2112	459	9.184416650493388e-9	0.5516010802469136	0.2618923151946365	0.159	0.057	3.1909418768809176e-4	0.102	1
responders	Trm_merge	TRERF1	responders_Pre	responders_Post	2112	459	9.765429335051058e-9	0.5669176445830858	0.3483264472695093	0.295	0.17	3.392803113876789e-4	0.12499999999999996	1
responders	Trm_merge	CXCR6	responders_Pre	responders_Post	2112	459	9.850638149472677e-9	0.5847125255826237	0.3869851982011676	0.776	0.728	3.422407212271292e-4	0.04800000000000004	1
responders	Trm_merge	CTSH	responders_Pre	responders_Post	2112	459	1.0278957504373397e-8	0.5822687660922955	0.4666139453126861	0.612	0.516	3.5712182057444494e-4	0.09599999999999996	1
responders	Trm_merge	PER1	responders_Pre	responders_Post	2112	459	1.0955169539131376e-8	0.5386390456856143	0.2356523834349658	0.088	0.011	3.806154552980414e-4	0.077	1
responders	Trm_merge	N4BP2L2	responders_Pre	responders_Post	2112	459	1.2006607636414066e-8	0.5844417417640457	0.32880677417538795	0.819	0.749	4.171455691119339e-4	0.06999999999999995	1
responders	Trm_merge	SYNJ2	responders_Pre	responders_Post	2112	459	1.2047817605031436e-8	0.5576496170858916	0.29529071181251376	0.208	0.092	4.185773270516071e-4	0.116	1
responders	Trm_merge	ZFP36L2	responders_Pre	responders_Post	2112	459	1.2130071507348365e-8	0.584551086848881	0.5766182680103955	0.84	0.841	4.2143507437980424e-4	-0.001	1
responders	Trm_merge	SELPLG	responders_Pre	responders_Post	2112	459	1.2272987299045286e-8	0.5718154791377831	0.3551795798563664	0.368	0.237	4.264003977307304e-4	0.131	1
responders	Trm_merge	METTL8	responders_Pre	responders_Post	2112	459	1.2561880915163324e-8	0.5637321953192052	0.4291660415523945	0.265	0.146	4.3643742863551935e-4	0.11900000000000002	1
responders	Trm_merge	MRPL10	responders_Pre	responders_Post	2112	459	1.2689639358543368e-8	0.5595899765630158	0.2960092411317609	0.225	0.107	4.4087614023387224e-4	0.118	1
responders	Trm_merge	FAS	responders_Pre	responders_Post	2112	459	1.3007975650682212e-8	0.5650474310094408	0.3846699512575315	0.28	0.159	4.5193609803165214e-4	0.12100000000000002	1
responders	Trm_merge	HIST1H1E	responders_Pre	responders_Post	2112	459	1.3992543117799724e-8	0.5702387436456063	0.4001104678471663	0.348	0.222	4.861429255417158e-4	0.12599999999999997	1
responders	Trm_merge	GPX4	responders_Pre	responders_Post	2112	459	1.4128812781097309e-8	0.5842256304878853	0.3744895867806628	0.859	0.876	4.908773424536638e-4	-0.01700000000000001	1
responders	Trm_merge	NAB1	responders_Pre	responders_Post	2112	459	1.4380372083081025e-8	0.5473345588235294	0.27360193921488585	0.135	0.041	4.99617267282484e-4	0.094	1
responders	Trm_merge	KIAA1551	responders_Pre	responders_Post	2112	459	1.5842916747124612e-8	0.583853238265003	0.3374185217601684	0.84	0.806	5.504304565453502e-4	0.03399999999999992	1
responders	Trm_merge	SAP30	responders_Pre	responders_Post	2112	459	1.7699323816325487e-8	0.5614988735393147	0.40300711621527296	0.248	0.133	6.149276073505964e-4	0.115	1
responders	Trm_merge	EVA1B	responders_Pre	responders_Post	2112	459	2.0521860819533697e-8	0.5649695484254308	0.3946941489948218	0.288	0.174	7.129910104530592e-4	0.114	1
responders	Trm_merge	DAPK2	responders_Pre	responders_Post	2112	459	2.2267921468676997e-8	0.5645027687000727	0.3766017260843853	0.286	0.163	7.736543955862449e-4	0.12299999999999996	1
responders	Trm_merge	IQGAP2	responders_Pre	responders_Post	2112	459	2.3175597677816076e-8	0.5805636017033076	0.4751683943684262	0.625	0.54	8.051897901203639e-4	0.08499999999999996	1
responders	Trm_merge	TMED8	responders_Pre	responders_Post	2112	459	2.3899836967597982e-8	0.5623437190532778	0.3465152684178111	0.263	0.146	8.303520357652566e-4	0.11700000000000002	1
responders	Trm_merge	LRRC8C	responders_Pre	responders_Post	2112	459	2.4329182449388365e-8	0.5657617845117845	0.3503266971651522	0.304	0.179	8.452687858391e-4	0.125	1
responders	Trm_merge	RSRP1	responders_Pre	responders_Post	2112	459	2.4592790901947625e-8	0.5824797195814353	0.33866249422769634	0.79	0.743	8.544273343063664e-4	0.04700000000000004	1
responders	Trm_merge	LINC01943	responders_Pre	responders_Post	2112	459	2.4739922364114672e-8	0.5781693569683766	0.3917146264958389	0.543	0.412	8.59539122696436e-4	0.13100000000000006	1
responders	Trm_merge	MAL	responders_Pre	responders_Post	2112	459	2.6314245192610758e-8	0.5604719581435268	0.5091244460238518	0.244	0.135	9.142358207268756e-4	0.109	1
responders	Trm_merge	SLC4A7	responders_Pre	responders_Post	2112	459	2.6757995538847016e-8	0.5805754646134548	0.4568208848925135	0.647	0.553	9.29653039006162e-4	0.09399999999999996	1
responders	Trm_merge	ZEB2	responders_Pre	responders_Post	2112	459	2.7388125268016455e-8	0.5728625099029511	0.4323473684453258	0.416	0.294	9.515456361866956e-4	0.122	1
responders	Trm_merge	SUCLG2	responders_Pre	responders_Post	2112	459	2.9450417908646295e-8	0.5553776119033472	0.2889099205104769	0.201	0.092	0.00102319586940009	0.109	1
responders	Trm_merge	IL17A	responders_Pre	responders_Post	2112	459	3.0296290169421434e-8	0.5348913976364956	0.5846865527829219	0.076	0.007	0.0010525840093562	0.06899999999999999	1
responders	Trm_merge	ZBTB38	responders_Pre	responders_Post	2112	459	3.0321381653416445e-8	0.5735918209876543	0.49714291371977504	0.434	0.318	0.00105345576278464	0.116	1
responders	Trm_merge	PRDX3	responders_Pre	responders_Post	2112	459	3.4961048351877564e-8	0.5715849260579653	0.34493319418400803	0.402	0.279	0.00121465170288928	0.123	1
responders	Trm_merge	POLR1D	responders_Pre	responders_Post	2112	459	3.62803488629342e-8	0.5801437578398363	0.32818102794380977	0.662	0.599	0.00126048816054492	0.06300000000000006	1
responders	Trm_merge	ATP5F1A	responders_Pre	responders_Post	2112	459	3.74658171420128e-8	0.5781992721330956	0.32352494484514893	0.576	0.475	0.00130167488496495	0.10099999999999998	1
responders	Trm_merge	NDUFB10	responders_Pre	responders_Post	2112	459	4.0957010707744134e-8	0.5805357496533967	0.3249037728024786	0.718	0.649	0.00142296942301915	0.06899999999999995	1
responders	Trm_merge	CD96	responders_Pre	responders_Post	2112	459	4.444554706387896e-8	0.5809494041724433	0.36063691649302143	0.784	0.776	0.00154417164164034	0.008	1
responders	Trm_merge	BCAT1	responders_Pre	responders_Post	2112	459	5.357520086647045e-8	0.5373000841750841	0.21682145715934856	0.09	0.015	0.00186136320370378	0.075	1
responders	Trm_merge	ADAM19	responders_Pre	responders_Post	2112	459	5.457529914700269e-8	0.5659840851323694	0.31595829907796835	0.33	0.2	0.00189610961826431	0.13	1
responders	Trm_merge	TSC22D4	responders_Pre	responders_Post	2112	459	5.7041542014243026e-8	0.5629198438634713	0.29789523186014594	0.289	0.172	0.00198179429420084	0.117	1
responders	Trm_merge	ARRDC2	responders_Pre	responders_Post	2112	459	6.011940516773568e-8	0.5598329083316829	0.3099991454788179	0.256	0.137	0.00208872849374264	0.119	1
responders	Trm_merge	YPEL2	responders_Pre	responders_Post	2112	459	6.052065902923121e-8	0.5725659371492705	0.3979321394130375	0.447	0.331	0.00210266925665258	0.116	1
responders	Trm_merge	C9orf16	responders_Pre	responders_Post	2112	459	6.164386701429855e-8	0.5791116846570278	0.36378055539049914	0.687	0.623	0.00214169287167777	0.06400000000000006	1
responders	Trm_merge	RBMS1	responders_Pre	responders_Post	2112	459	6.372697400835399e-8	0.5765616747540767	0.4344456365018812	0.563	0.466	0.00221406625797224	0.09699999999999992	1
responders	Trm_merge	BCL2L11	responders_Pre	responders_Post	2112	459	7.0096277651082e-8	0.5729857810127418	0.3941348131520226	0.468	0.34	0.00243535497443154	0.128	1
responders	Trm_merge	CHCHD5	responders_Pre	responders_Post	2112	459	7.177680785907861e-8	0.5609444114346075	0.32520257850521583	0.271	0.155	0.00249374163544796	0.11600000000000002	1
responders	Trm_merge	SYTL2	responders_Pre	responders_Post	2112	459	8.188437698749075e-8	0.5756234732950419	0.4149245301572362	0.553	0.451	0.00284490890967639	0.10200000000000004	1
responders	Trm_merge	STK4	responders_Pre	responders_Post	2112	459	8.24156595929407e-8	0.5796315895886974	0.31090924487294735	0.866	0.867	0.00286336726123753	-0.001	1
responders	Trm_merge	CCAR1	responders_Pre	responders_Post	2112	459	8.646112675029428e-8	0.5646497656301578	0.3269562479560052	0.324	0.2	0.00300391892668547	0.124	1
responders	Trm_merge	AC017002.3	responders_Pre	responders_Post	2112	459	9.187900036480645e-8	0.5499485252855351	0.25877794781226116	0.172	0.072	0.00319215210967446	0.1	1
responders	Trm_merge	EPB41L4A-AS1	responders_Pre	responders_Post	2112	459	1.0733895478208983e-7	0.5656091140159768	0.3430387706514474	0.344	0.224	0.00372927730599414	0.11999999999999995	1
responders	Trm_merge	AKNA	responders_Pre	responders_Post	2112	459	1.1111217346145742e-7	0.5725762527233116	0.39399509932169285	0.483	0.375	0.00386037024257141	0.10799999999999998	1
responders	Trm_merge	ERN1	responders_Pre	responders_Post	2112	459	1.3040943174379037e-7	0.5692793952597874	0.35322151338353114	0.417	0.296	0.0045308148870745	0.121	1
responders	Trm_merge	ANKRD11	responders_Pre	responders_Post	2112	459	1.346266418369019e-7	0.5771393469003763	0.3374253031677694	0.699	0.608	0.00467733341733948	0.09099999999999996	1
responders	Trm_merge	AC016831.5	responders_Pre	responders_Post	2112	459	1.3521880575596205e-7	0.5626206922162804	0.35602376974732264	0.308	0.192	0.00469790696837939	0.116	1
responders	Trm_merge	TAF1D	responders_Pre	responders_Post	2112	459	1.369710777966103e-7	0.5746661880240311	0.4025499906193921	0.567	0.464	0.00475878615588763	0.10299999999999992	1
responders	Trm_merge	GBP5	responders_Pre	responders_Post	2112	459	1.492466453262777e-7	0.5639323174556018	0.38409496936933973	0.331	0.207	0.00518527619857086	0.12400000000000004	1
responders	Trm_merge	CAP1	responders_Pre	responders_Post	2112	459	1.499128405251754e-7	0.5767741755793226	0.3153216064358406	0.69	0.617	0.00520842181836616	0.07299999999999995	1
responders	Trm_merge	FBXO32	responders_Pre	responders_Post	2112	459	1.6556522482168758e-7	0.5657880892255892	0.3437023181510658	0.363	0.244	0.00575223260597989	0.119	1
responders	Trm_merge	KLRD1	responders_Pre	responders_Post	2112	459	1.756108473568783e-7	0.5500965537730244	0.435058825554086	0.182	0.083	0.00610124766972002	0.099	1
responders	Trm_merge	LAPTM5	responders_Pre	responders_Post	2112	459	1.814100695586125e-7	0.5771197473096983	0.32536045053293927	0.781	0.73	0.00630273004667487	0.05100000000000004	1
responders	Trm_merge	SMARCA2	responders_Pre	responders_Post	2112	459	1.8365027449080066e-7	0.5648344144054929	0.4293875225737635	0.348	0.244	0.00638056148663388	0.10399999999999998	1
responders	Trm_merge	NFIL3	responders_Pre	responders_Post	2112	459	1.8369735016649098e-7	0.5570456402257873	0.3301122207718822	0.248	0.139	0.00638219703683439	0.109	1
responders	Trm_merge	ATP8B4	responders_Pre	responders_Post	2112	459	1.8435720981452235e-7	0.5341208242556281	0.20716537907192353	0.081	0.013	0.00640512254058594	0.068	1
responders	Trm_merge	DOCK8	responders_Pre	responders_Post	2112	459	1.9383140039118282e-7	0.570903582392553	0.34856480592130323	0.476	0.364	0.00673428434379086	0.112	1
responders	Trm_merge	ATXN1	responders_Pre	responders_Post	2112	459	2.1532650959495517e-7	0.5692639218987258	0.35003714287542265	0.443	0.327	0.00748108892285752	0.116	1
responders	Trm_merge	CD226	responders_Pre	responders_Post	2112	459	2.3172649083329613e-7	0.5605900714662969	0.3007103643083522	0.296	0.183	0.0080508734710212	0.113	1
responders	Trm_merge	WDR11	responders_Pre	responders_Post	2112	459	2.546854780868477e-7	0.5442471075130388	0.2269495670818636	0.142	0.054	0.00884853756517134	0.088	1
responders	Trm_merge	ZBTB16	responders_Pre	responders_Post	2112	459	2.768006924694313e-7	0.5306465389185977	0.18108634438446636	0.068	0.007	0.00961688645846545	0.061	1
responders	Trm_merge	TPX2	responders_Pre	responders_Post	2112	459	2.83025394059071e-7	0.529612918399683	0.32787143330465596	0.063	0.004	0.0098331512657943	0.059	1
responders	Trm_merge	SUMO2	responders_Pre	responders_Post	2112	459	3.0450206509866465e-7	0.5761351257674787	0.2264245069057691	0.943	0.961	0.0105793152477229	-0.01800000000000001	1
responders	Trm_merge	PHB2	responders_Pre	responders_Post	2112	459	3.080923007144098e-7	0.5662852998943685	0.32527461426530857	0.397	0.288	0.01070405080372073	0.10900000000000004	1
responders	Trm_merge	CPOX	responders_Pre	responders_Post	2112	459	3.1378302405056226e-7	0.559834455667789	0.3173794716316577	0.295	0.181	0.01090176360458868	0.114	1
responders	Trm_merge	UQCRH	responders_Pre	responders_Post	2112	459	3.217815681115365e-7	0.5758385530137982	0.25656288011589234	0.85	0.808	0.01117965702089911	0.04199999999999992	1
responders	Trm_merge	CYTIP	responders_Pre	responders_Post	2112	459	3.774126124509064e-7	0.5748864255298078	0.34935670554581866	0.747	0.721	0.01311244639438184	0.02600000000000002	1
responders	Trm_merge	SLC7A5	responders_Pre	responders_Post	2112	459	3.8960471372194883e-7	0.5491351422723971	0.2812983217918944	0.185	0.089	0.01353603656884166	0.096	1
responders	Trm_merge	ATP5MC3	responders_Pre	responders_Post	2112	459	4.245147907245213e-7	0.574752838845976	0.23523189855831397	0.779	0.736	0.01474891737414204	0.04300000000000004	1
responders	Trm_merge	GOLGA4	responders_Pre	responders_Post	2112	459	4.457354467941797e-7	0.5718170264738892	0.278852088193587	0.58	0.473	0.01548618662797018	0.10699999999999998	1
responders	Trm_merge	MBD2	responders_Pre	responders_Post	2112	459	4.819357729498883e-7	0.5717174811843929	0.33560834259614714	0.578	0.51	0.01674389455959797	0.06799999999999995	1
responders	Trm_merge	ATP11A	responders_Pre	responders_Post	2112	459	5.831627875712556e-7	0.5401146885521886	0.233110711401257	0.123	0.044	0.02026082472858813	0.079	1
responders	Trm_merge	ODF2L	responders_Pre	responders_Post	2112	459	6.15820809225613e-7	0.5711294934640523	0.4668895974811529	0.586	0.495	0.02139546237492547	0.09099999999999996	1
responders	Trm_merge	LRRC8D	responders_Pre	responders_Post	2112	459	6.187405832128484e-7	0.5492228246517462	0.27351372000524116	0.194	0.096	0.02149690408256399	0.098	1
responders	Trm_merge	XYLT1	responders_Pre	responders_Post	2112	459	6.44557094758266e-7	0.5481077110979071	0.27614215393788216	0.184	0.092	0.02239384714318643	0.092	1
responders	Trm_merge	YBX3	responders_Pre	responders_Post	2112	459	6.549634292012208e-7	0.5384977223212517	0.27511660993725007	0.114	0.037	0.02275539442073801	0.07700000000000001	1
responders	Trm_merge	CASP8	responders_Pre	responders_Post	2112	459	6.693126711069014e-7	0.5669914009374794	0.3830487199654572	0.455	0.355	0.02325393013226707	0.10000000000000003	1
responders	Trm_merge	MPRIP	responders_Pre	responders_Post	2112	459	6.841645609821045e-7	0.5679032976827094	0.34410268096115015	0.483	0.373	0.02376992934220125	0.11	1
responders	Trm_merge	SFPQ	responders_Pre	responders_Post	2112	459	7.079866248530452e-7	0.5714214242094144	0.3323807557431233	0.618	0.542	0.02459757930726935	0.07599999999999996	1
responders	Trm_merge	TMC8	responders_Pre	responders_Post	2112	459	7.272477565542959e-7	0.5344457648379217	0.1975870543000608	0.091	0.022	0.0252667688059659	0.069	1
responders	Trm_merge	MPST	responders_Pre	responders_Post	2112	459	7.574978444560405e-7	0.5565824709513435	0.3049694778869878	0.277	0.174	0.02631774760993621	0.10300000000000004	1
responders	Trm_merge	ITPR1	responders_Pre	responders_Post	2112	459	7.612734639494652e-7	0.5501471000858256	0.3231183498636399	0.205	0.109	0.02644892395799627	0.096	1
responders	Trm_merge	VDR	responders_Pre	responders_Post	2112	459	7.68227098880631e-7	0.5390465108602364	0.2274251783486487	0.118	0.041	0.02669051409640976	0.07699999999999999	1
responders	Trm_merge	NCF4	responders_Pre	responders_Post	2112	459	8.250420441644177e-7	0.5510378499042715	0.28575546593125134	0.216	0.118	0.02866443574040435	0.098	1
responders	Trm_merge	LYST	responders_Pre	responders_Post	2112	459	8.486966488998687e-7	0.5561136281111771	0.26287096946130784	0.275	0.166	0.02948626767272813	0.109	1
responders	Trm_merge	OARD1	responders_Pre	responders_Post	2112	459	8.612820750120692e-7	0.5564174217666865	0.30391974584901527	0.279	0.17	0.02992352313214432	0.109	1
responders	Trm_merge	FAM129A	responders_Pre	responders_Post	2112	459	8.636092360867861e-7	0.572900677526903	0.3111888557381226	0.816	0.767	0.03000437568936321	0.04899999999999993	1
responders	Trm_merge	RAP1B	responders_Pre	responders_Post	2112	459	8.743684128068434e-7	0.5729749496599987	0.2798609898518798	0.84	0.834	0.03037818176614816	0.006	1
responders	Trm_merge	N4BP2	responders_Pre	responders_Post	2112	459	8.844548003485295e-7	0.5491387527233116	0.27206356919554275	0.199	0.102	0.03072861312850896	0.09700000000000002	1
responders	Trm_merge	TSPAN5	responders_Pre	responders_Post	2112	459	9.790858941519418e-7	0.5390532159833631	0.22806556754408092	0.121	0.044	0.03401638122052091	0.077	1
responders	Trm_merge	EIF4G3	responders_Pre	responders_Post	2112	459	9.826702770815322e-7	0.5472216032877798	0.24980118701236148	0.183	0.092	0.03414091343664367	0.091	1
responders	Trm_merge	UCP2	responders_Pre	responders_Post	2112	459	1.016520482952185e-6	0.555181615996567	0.3460461027455374	0.268	0.163	0.03531697113920776	0.105	1
responders	Trm_merge	TOMM20	responders_Pre	responders_Post	2112	459	1.0712368420812157e-6	0.5720811051693404	0.2771917995716935	0.772	0.749	0.03721798160442768	0.02300000000000002	1
responders	Trm_merge	XIST	responders_Pre	responders_Post	2112	459	1.0731524771116762e-6	0.5620455989634912	0.3547195620326	0.377	0.253	0.03728453651229097	0.124	1
responders	Trm_merge	TMEM50A	responders_Pre	responders_Post	2112	459	1.1267345908942055e-6	0.5722977322242028	0.2864171229862986	0.866	0.865	0.03914613989143738	0.001	1
responders	Trm_merge	AIP	responders_Pre	responders_Post	2112	459	1.17348605240614e-6	0.5664441597346009	0.34749257195861283	0.478	0.394	0.04077042591874652	0.08399999999999996	1
responders	Trm_merge	GAS2L1	responders_Pre	responders_Post	2112	459	1.1799238012011826e-6	0.5425347222222222	0.23325159772301776	0.147	0.063	0.04099409262513268	0.08399999999999999	1
responders	Trm_merge	PDE7B	responders_Pre	responders_Post	2112	459	1.1811868962878151e-6	0.5344627855350894	0.22401576566691253	0.095	0.026	0.04103797633772756	0.069	1
responders	Trm_merge	ZBED4	responders_Pre	responders_Post	2112	459	1.2071902570749042e-6	0.5503400013203935	0.24407521753562825	0.217	0.118	0.04194141110155339	0.099	1
responders	Trm_merge	LINC002481	responders_Pre	responders_Post	2112	459	1.230844334048219e-6	0.5444265985013534	0.22964471735860417	0.163	0.074	0.04276322469783727	0.08900000000000001	1
responders	Trm_merge	IFNG	responders_Pre	responders_Post	2112	459	1.2610420675656496e-6	0.5368405253515548	0.251763543374093	0.109	0.035	0.04381238455343336	0.074	1
responders	Trm_merge	RGS10	responders_Pre	responders_Post	2112	459	1.284927060155978e-6	0.5714255504390309	0.3472937206258584	0.759	0.699	0.04464222085099914	0.06000000000000005	1
responders	Trm_merge	FOXO1	responders_Pre	responders_Post	2112	459	1.3183024185834272e-6	0.5593460132369447	0.3308638418508596	0.336	0.229	0.04580178092884401	0.107	1
responders	Trm_merge	AC009948.1	responders_Pre	responders_Post	2112	459	1.3658381510372209e-6	0.5448722312999273	0.254515132802561	0.168	0.081	0.04745331488148616	0.08700000000000001	1
