gene	avg_log2FC	p_val_adj	pct.1	pct.2	pct.diff	n_responders	n_nonresponders	S1	S2	S3	S4	S5	S6	S7
PDE3B	0.9214915809325888	1.38175524316129e-35	0.617	0.292	0.325	4	0	NA	0.7920088741901468	0.9261618366504848	1.0387960212899212	NA	NA	0.9297858371543762
TSC22D3	1.3167321503532117	3.8311910563450985e-49	0.847	0.651	0.19599999999999995	4	0	NA	2.4350731686163263	1.3979928145022835	0.5872501160280295	NA	NA	0.9364881715547118
SRGN	0.8228035779170355	3.875620008813439e-43	0.991	0.972	0.01900000000000001	4	0	NA	1.1504438426926624	0.7291136916992444	1.189068166558101	NA	NA	0.5503532820755295
NPM1	0.6122940171287219	1.483223912304212e-38	0.958	0.946	0.01200000000000001	4	0	NA	0.6769241731680857	0.5432770259265993	0.7545604646290567	NA	NA	0.5193379139730765
mm10---Gm42418	4.497441023781929	2.452174896527282e-134	0.72	0	0.72	3	0	NA	4.142543665704231	6.060087709578991	4.079205828549883	NA	NA	NA
GNLY	3.4959881180569345	1.1023175668790096e-42	0.452	0.089	0.363	3	1	NA	NA	2.984215175290194	4.449520770158084	1.9394181142354427	NA	3.4448552896498588
KIAA0319L	1.196691724239444	2.1147159369839438e-32	0.479	0.17	0.30899999999999994	3	1	NA	NA	1.4593843583209725	1.2469340580705623	NA	0.2569552046097588	1.3270834734615098
HPGD	1.7908460634155194	3.295755122277375e-32	0.434	0.142	0.29200000000000004	3	0	NA	2.725388570249534	2.468311723192421	NA	NA	NA	1.6285280538602869
GZMB	1.4017194443784395	8.513076481431372e-26	0.375	0.107	0.268	3	1	NA	NA	1.4431710772833952	1.336604215964166	0.9209933266428044	NA	1.7773577578755824
SMAP2	1.3879074411235803	9.090878649116685e-65	0.817	0.553	0.2639999999999999	3	1	NA	1.8484402324605125	1.988339101170078	NA	NA	0.22004052458004053	1.1776497199855036
FKBP5	1.0852815338924482	1.2487129261729644e-35	0.732	0.484	0.248	3	0	NA	1.860052293492132	1.715268161828886	NA	NA	NA	0.9581061362361788
CXCL13	1.2472146390574932	1.8166057912254466e-15	0.401	0.174	0.22700000000000004	3	0	NA	1.608920887738864	1.6282808953865326	NA	NA	NA	1.8942603324264715
PRDM1	0.8598230524961346	3.0376381186163205e-19	0.574	0.366	0.20799999999999996	3	0	NA	1.7574961605059802	1.2148549720746966	NA	NA	NA	0.6321682820686431
TSPAN14	0.557463016107664	3.38800823593266e-11	0.448	0.259	0.189	3	0	NA	1.120408055017581	0.6864254224695914	NA	NA	NA	0.6312723563629619
GK	0.4761600910657672	2.145569206934556e-11	0.231	0.063	0.168	3	0	NA	NA	0.9007778920848916	0.5138561184487604	NA	NA	0.5040163475658276
PIK3IP1	0.5973217187220672	6.825048478845633e-12	0.607	0.444	0.16299999999999998	3	0	NA	1.462239357366577	0.7364069903260471	NA	NA	NA	0.5730640325226923
PNISR	0.5063525128586315	9.372339958962052e-15	0.803	0.702	0.10100000000000008	3	1	NA	1.0879884834577591	0.6673741687107153	NA	NA	0.22931952197832617	0.5910686093470507
NEAT1	0.7219570077469397	3.161183431896158e-28	0.974	0.926	0.04799999999999993	3	0	NA	1.5683418780996172	1.6024645784220055	NA	NA	NA	0.9046231108353396
SATB1	0.7432297329477615	2.4794199550350655e-23	0.469	0.196	0.27299999999999996	2	1	NA	NA	NA	0.8145485905291453	NA	0.24416724896363015	0.9756759778999768
SYTL3	0.8446023291779728	9.239950347562492e-21	0.484	0.242	0.242	2	1	NA	1.6901813999598228	1.0224688639818396	NA	0.4551022352402314	NA	NA
GABPB1-AS1	0.8570361127354273	3.783451414443629e-19	0.493	0.255	0.238	2	0	NA	1.5979160142033555	1.4393536871457129	NA	NA	NA	NA
ADGRG1	0.8937294091327752	1.6001888326531038e-18	0.361	0.133	0.228	2	0	NA	1.564861944737494	1.2087359391242585	NA	NA	NA	NA
CD7	0.6412717685839429	3.810071861449965e-13	0.677	0.462	0.215	2	1	NA	NA	NA	0.7004019689384813	NA	0.46387649265291486	1.7376476481089904
PTPN13	0.7344064496665313	4.1071988302988183e-16	0.497	0.285	0.212	2	0	NA	1.7164042418715113	1.0506022068229004	NA	NA	NA	NA
TNFRSF18	0.7892240620397466	5.021083186648135e-19	0.598	0.388	0.20999999999999996	2	2	0.6417221393966224	NA	0.9394210176051953	0.9417291651228256	0.5356523864512341	NA	NA
SLC1A4	0.5848699559038841	6.360459305988476e-15	0.669	0.46	0.209	2	0	NA	1.6456467406199549	NA	NA	NA	NA	1.1540583449097963
HIPK2	0.8042128168904356	1.0693227943110263e-16	0.48	0.272	0.20799999999999996	2	0	NA	1.622926411556446	0.9941357227383424	NA	NA	NA	NA
BLM	0.5288807784820049	6.513369162519875e-13	0.35	0.146	0.204	2	0	NA	NA	NA	0.7623609196495775	NA	NA	0.6009088232308162
CTLA4	0.5809146849971663	3.083766514491763e-13	0.338	0.139	0.199	2	0	NA	NA	0.8419148951490562	NA	NA	NA	0.5384929850263027
IL26	0.7292770698027453	7.773315635568e-14	0.323	0.126	0.197	2	0	NA	NA	NA	1.0913201872280085	NA	NA	0.7631986362568555
TSHZ2	0.6248647090834973	6.2144648801557345e-12	0.451	0.255	0.196	2	0	NA	1.641640144633526	NA	NA	NA	NA	0.696007469632871
AHI1	0.9298506697654148	7.294617869900216e-21	0.68	0.488	0.1920000000000001	2	0	NA	0.9211720047284336	NA	1.378433871165172	NA	NA	NA
FURIN	0.6320872062883809	2.713676983617715e-15	0.595	0.405	0.18999999999999995	2	0	NA	1.080543101380072	NA	NA	NA	NA	0.948202720206044
MGAT4A	0.5979259352274284	2.4150047580657804e-13	0.571	0.381	0.18999999999999995	2	0	NA	1.2639205882650364	NA	NA	NA	NA	0.7531568195534345
ANKRD28	0.7061939396822574	5.804065168417752e-16	0.616	0.436	0.18	2	0	NA	1.677824994877419	0.8406479520378694	NA	NA	NA	NA
MT2A	0.9559327070999936	1.312288054386588e-11	0.572	0.392	0.17999999999999994	2	1	NA	NA	1.6774237759996358	NA	0.970967168036266	NA	1.0246806730056324
SNX9	0.701489767834885	7.125236677607815e-11	0.456	0.292	0.16400000000000003	2	0	NA	1.369683128167464	1.0992308172963288	NA	NA	NA	NA
RGS1	0.725092510226637	4.760913444330259e-13	0.728	0.569	0.15900000000000003	2	0	NA	1.630243737826724	0.6943010673824195	NA	NA	NA	NA
ZNRF1	0.5180706626471296	4.4763898758474326e-10	0.571	0.412	0.15899999999999995	2	0	NA	1.0674492262227715	NA	NA	NA	NA	0.7152934762632738
PCSK7	0.4440103323033703	4.688670941579753e-6	0.438	0.283	0.15500000000000003	2	0	NA	1.173329250164783	0.6739973776848397	NA	NA	NA	NA
CEBPB	0.537886195605948	2.1849728540680655e-8	0.484	0.329	0.15499999999999997	2	0	NA	0.9120217495207666	NA	0.64447964045603	NA	NA	NA
GYPC	0.8376336653852998	8.004112668874374e-21	0.716	0.562	0.15399999999999991	2	1	NA	NA	1.3179406347927047	NA	NA	0.2554129178387552	0.904939726761512
NFKBIA	0.6167197974024409	1.7703883239547022e-8	0.46	0.309	0.15100000000000002	2	1	NA	1.3809713182123446	0.7051030956909676	NA	NA	0.19569553547466612	NA
ISG20	0.44297624792342005	2.4684774069294067e-10	0.741	0.599	0.14200000000000002	2	1	0.7395480414075482	0.6369498670359948	NA	NA	NA	NA	1.35761385686709
ENTPD1	0.5547976576517576	3.697438472589131e-6	0.356	0.214	0.142	2	0	NA	NA	0.6322491417251233	NA	NA	NA	1.088676043829945
HCST	0.3710518248537471	1.2492674486368788e-4	0.635	0.497	0.138	2	2	0.6550951577999713	NA	NA	0.6037474293461651	0.3979220717353336	NA	0.7072161880436962
SLC1A5	0.4719603546103152	1.892088118583746e-6	0.266	0.131	0.135	2	0	NA	0.9375466799937544	0.702040260605765	NA	NA	NA	NA
CELF2	0.552943888033536	5.903641715792949e-7	0.55	0.42	0.13000000000000006	2	0	NA	1.3933659622109191	0.7315876799779104	NA	NA	NA	NA
HERPUD1	0.5603403702377545	9.361195552610628e-13	0.707	0.58	0.127	2	0	NA	1.2143006189979924	0.7866509806708943	NA	NA	NA	NA
TXNIP	1.625529153140786	1.7032531818588502e-34	0.785	0.66	0.125	2	0	NA	2.9888507646612847	2.597167532562219	NA	NA	NA	NA
NSD3	0.3846525595803581	4.969066501984489e-6	0.682	0.562	0.12	2	1	NA	0.8976340597189605	NA	NA	NA	0.4442143567766184	0.4882478789207798
YPEL2	0.3979321394130375	0.00210266925665258	0.447	0.331	0.116	2	0	NA	0.8252653171801272	NA	NA	NA	NA	0.6908570308886476
HMGB2	0.9299446863251852	3.374240073739661e-11	0.679	0.569	0.1100000000000001	2	1	NA	0.9773160996240507	1.3641105067965598	NA	NA	0.2415845749179817	NA
MYH9	0.4785368849399634	3.5958508507326106e-7	0.702	0.597	0.10499999999999998	2	0	NA	1.262682483545436	0.6236618814282289	NA	NA	NA	NA
RBMS1	0.4344456365018812	0.00221406625797224	0.563	0.466	0.09699999999999992	2	0	NA	1.093221475545505	0.7314368524471531	NA	NA	NA	NA
ODF2L	0.4668895974811529	0.02139546237492547	0.586	0.495	0.09099999999999996	2	0	NA	1.049384868327518	1.0044460973686515	NA	NA	NA	NA
IQGAP2	0.4751683943684262	8.051897901203639e-4	0.625	0.54	0.08499999999999996	2	0	NA	0.9568708363000016	0.772439143930884	NA	NA	NA	NA
NAP1L4	0.6942114798830077	2.7694710942807386e-30	0.886	0.804	0.08199999999999996	2	0	NA	NA	1.0410055339106674	NA	NA	NA	0.6297854211817486
BATF	0.6801423444395716	1.0540195892435095e-18	0.835	0.754	0.08099999999999996	2	0	NA	1.3255414751217067	0.8467183115850938	NA	NA	NA	NA
ARL4C	0.6099657119703883	3.86127855317147e-20	0.893	0.815	0.07800000000000007	2	0	NA	1.2344925147756758	NA	NA	NA	NA	0.819123230728199
IKZF1	0.40086435638967544	6.165723455272764e-7	0.799	0.721	0.07800000000000007	2	1	NA	1.164351474722059	NA	NA	NA	0.30678669062365294	0.7428858794131286
LAPTM5	0.32536045053293927	0.00630273004667487	0.781	0.73	0.05100000000000004	2	0	NA	0.9300637711444196	NA	NA	NA	NA	0.4902857866239363
FAM129A	0.3111888557381226	0.03000437568936321	0.816	0.767	0.04899999999999993	2	0	NA	0.9537084926128836	NA	NA	NA	NA	0.6799963829892777
S100A4	0.4125872406897839	2.414367166259931e-8	0.95	0.913	0.03699999999999992	2	1	NA	0.9985538363074942	NA	0.5667097628467088	0.3418168883293964	NA	NA
CD3D	0.5478249834863256	2.2217602293787943e-14	0.944	0.93	0.0139999999999999	2	1	0.6360615826565734	NA	NA	1.0987261720918613	NA	NA	0.8261119765470433
COX4I1	0.35512295079144396	9.716851451165226e-9	0.947	0.946	0.001	2	2	0.4809346999054536	NA	NA	0.49397040742817966	0.2829334438678264	NA	0.5551851256175371
ZFP36L2	0.5766182680103955	4.2143507437980424e-4	0.84	0.841	-0.001	2	1	NA	1.5963299322542288	0.7261309452676503	NA	NA	0.366520688574242	NA
BTF3	0.33290022803423636	1.1078566914730249e-11	0.949	0.954	-0.005	2	0	NA	NA	0.4072946455027142	0.5647682661501086	NA	NA	NA
IL7R	0.5721979225712399	2.293786668173973e-7	0.87	0.885	-0.01500000000000001	2	0	NA	1.139610129927747	NA	NA	NA	NA	1.142465340080864
MSI2	0.6223874134549195	8.274307660434279e-16	0.415	0.192	0.223	1	0	NA	NA	0.88685295500569294	NA	NA	NA	NA
SLC27A2	0.5718083566414904	6.769078357474206e-13	0.308	0.115	0.193	1	0	NA	1.2281583404426184	NA	NA	NA	NA	NA
SMIM3	0.5621322005900901	4.182490260186977e-12	0.291	0.111	0.18	1	0	NA	NA	0.900983474337166	NA	NA	NA	NA
CARS	0.6433589858338217	9.400066865049883e-10	0.367	0.194	0.173	1	0	NA	NA	NA	NA	NA	NA	1.0018865789280436
ZMYND8	0.5204653904171506	4.60993082143238e-9	0.34	0.168	0.172	1	0	NA	NA	0.910396415997333	NA	NA	NA	NA
CPM	0.640191567524735	6.3512297580635664e-9	0.32	0.15	0.17	1	0	NA	NA	NA	0.895740111820887	NA	NA	NA
CHN1	0.5497789933202224	9.853310592697603e-10	0.291	0.124	0.16699999999999998	1	0	NA	NA	NA	0.8062476983894358	NA	NA	NA
HIST1H1D	0.5097795807436935	1.0017188022289712e-7	0.366	0.2	0.16599999999999998	1	0	NA	1.381194583497301	NA	NA	NA	NA	NA
GRAMD1B	0.5232526217707285	6.665988625526296e-9	0.347	0.183	0.16399999999999998	1	0	NA	NA	NA	0.7815040580157478	NA	NA	NA
RDH10	0.551053861977449	8.362544635649265e-10	0.256	0.094	0.162	1	0	NA	NA	NA	0.7988893053469195	NA	NA	NA
ZCRB1	0.5017007379969077	1.7005773333120337e-7	0.453	0.292	0.16100000000000003	1	0	NA	NA	0.7929377226192149	NA	NA	NA	NA
HLA-DPA1	0.5215270376507282	8.172571334745728e-7	0.442	0.285	0.15700000000000003	1	0	NA	NA	NA	0.8495331401683872	NA	NA	NA
LRRN3	0.6049375142578207	6.631403711041295e-8	0.337	0.181	0.15600000000000003	1	0	NA	NA	NA	0.7142721133992053	NA	NA	NA
TOB1	0.5350707254259197	1.0261197866114727e-7	0.369	0.216	0.153	1	0	NA	NA	0.8474805854749399	NA	NA	NA	NA
MYL6B	0.4022159933128637	2.8562207784130123e-10	0.202	0.05	0.15200000000000002	1	1	NA	NA	NA	0.50577002599251	NA	0.13955841129124205	NA
PDCD1	0.6676351943402193	3.314817393081275e-8	0.259	0.111	0.14800000000000002	1	0	NA	1.741664049176869	NA	NA	NA	NA	NA
ARHGEF12	0.4395715984200036	2.435432089850484e-5	0.388	0.244	0.14400000000000002	1	0	NA	0.9696669525945526	NA	NA	NA	NA	NA
GPR171	0.6161955912198323	1.8445870671662236e-11	0.665	0.523	0.14200000000000002	1	1	0.6089372968700333	1.1054261333061113	NA	NA	NA	NA	NA
H1FX	0.4269813883271548	5.229499246047095e-5	0.414	0.272	0.14199999999999996	1	0	NA	NA	NA	0.7254151341063549	NA	NA	NA
LAYN	0.4564348948207835	1.2322971871252378e-4	0.344	0.209	0.13499999999999998	1	0	NA	NA	NA	0.8592045361928695	NA	NA	NA
RAB27A	0.4661238501627545	1.2296691385557884e-7	0.608	0.475	0.133	1	0	NA	0.7898973942515808	NA	NA	NA	NA	NA
HAVCR2	0.428983146944411	1.5196372609491316e-10	0.145	0.013	0.13199999999999998	1	0	NA	NA	0.8583298482885334	NA	NA	NA	NA
LINC01943	0.3917146264958389	8.59539122696436e-4	0.543	0.412	0.13100000000000006	1	0	NA	NA	NA	NA	NA	NA	0.77809227725324
RCSD1	0.41202441405489665	5.813037611156752e-5	0.384	0.253	0.131	1	1	NA	0.8675207941282294	NA	NA	NA	0.26377604587947207	NA
SELPLG	0.3551795798563664	4.264003977307304e-4	0.368	0.237	0.131	1	1	NA	NA	NA	NA	NA	0.25014022149700316	0.6555501456784926
mm10---Lars2	0.4039143933988952	1.5083667372635523e-11	0.129	0	0.129	1	0	NA	NA	0.8884297807498409	NA	NA	NA	NA
AGPAT5	0.3841865000865203	1.7874035494827023e-5	0.223	0.096	0.127	1	0	NA	NA	0.7545667551624431	NA	NA	NA	NA
GBP5	0.38409496936933973	0.00518527619857086	0.331	0.207	0.12400000000000004	1	1	NA	NA	NA	NA	NA	0.2616786337305699	0.6194601587642521
ID2	0.5023449681000967	1.0198336409171171e-5	0.597	0.473	0.124	1	0	NA	NA	NA	0.799588574751734	NA	NA	NA
TRPS1	0.41232274911174194	1.2368276127634932e-4	0.241	0.118	0.123	1	0	NA	NA	NA	NA	NA	NA	0.6368293582928509
PRDX3	0.34493319418400803	0.00121465170288928	0.402	0.279	0.123	1	0	NA	NA	NA	0.7073731615578075	NA	NA	NA
SAT1	0.41018291394950745	2.483108800908205e-4	0.588	0.466	0.12199999999999994	1	0	NA	NA	NA	NA	NA	NA	0.5950473894154031
ERN1	0.35322151338353114	0.0045308148870745	0.417	0.296	0.121	1	0	NA	0.9183332695548264	NA	NA	NA	NA	NA
MCAM	0.4359875910751789	3.604717755533244e-6	0.19	0.07	0.12	1	0	NA	1.138025027392204	NA	NA	NA	NA	NA
METTL8	0.4291660415523945	4.3643742863551935e-4	0.265	0.146	0.11900000000000002	1	0	NA	NA	0.8323759615070537	NA	NA	NA	NA
SLA	0.4257763108118149	1.782086108462329e-7	0.699	0.58	0.119	1	0	NA	NA	0.8769762302535846	NA	NA	NA	NA
ZBTB38	0.49714291371977504	0.00105345576278464	0.434	0.318	0.116	1	0	NA	NA	1.214619567445992	NA	NA	NA	NA
AC016831.5	0.35602376974732264	0.00469790696837939	0.308	0.192	0.116	1	0	NA	1.1722022352513473	NA	NA	NA	NA	NA
DUSP4	0.4798539192942719	1.046893437719884e-5	0.684	0.569	0.1150000000000001	1	0	NA	1.4097805831904084	NA	NA	NA	NA	NA
NAMPT	0.5600283793959907	2.008978690863178e-4	0.44	0.327	0.113	1	1	NA	1.2835005619216358	NA	NA	NA	0.20455234639876796	NA
DOCK8	0.34856480592130323	0.00673428434379086	0.476	0.364	0.112	1	1	NA	NA	NA	NA	NA	0.22407230920109625	0.6182424367279202
MAL	0.5091244460238518	9.142358207268756e-4	0.244	0.135	0.109	1	0	NA	NA	0.96596470909973	NA	NA	NA	NA
NFIL3	0.3301122207718822	0.00638219703683439	0.248	0.139	0.109	1	0	NA	0.9342704114894412	NA	NA	NA	NA	NA
AKNA	0.39399509932169285	0.00386037024257141	0.483	0.375	0.10799999999999998	1	0	NA	NA	0.7030540987482341	NA	NA	NA	NA
PPFIBP1	0.3841424294301864	1.0363720257863178e-6	0.131	0.024	0.107	1	0	NA	NA	0.6225191713341366	NA	NA	NA	NA
D2HGDH	0.3606156050729292	1.7304895226371444e-4	0.179	0.072	0.107	1	0	NA	1.0145592052221009	NA	NA	NA	NA	NA
GOLGA4	0.278852088193587	0.01548618662797018	0.58	0.473	0.10699999999999998	1	1	NA	NA	0.6091583581723559	NA	NA	0.4859233138861181	NA
UCP2	0.3460461027455374	0.03531697113920776	0.268	0.163	0.105	1	1	0.3289321739861515	NA	NA	NA	NA	NA	0.6817347953024813
SMARCA2	0.4293875225737635	0.00638056148663388	0.348	0.244	0.10399999999999998	1	0	NA	NA	0.9811409910832424	NA	NA	NA	NA
TAF1D	0.4025499906193921	0.00475878615588763	0.567	0.464	0.10299999999999992	1	1	NA	1.017184684547073	NA	NA	NA	0.20785361053559728	NA
SYTL2	0.4149245301572362	0.00284490890967639	0.553	0.451	0.10200000000000004	1	0	NA	1.0845920833294271	NA	NA	NA	NA	NA
DDX3X	0.3843702335363075	5.173082952782715e-7	0.782	0.68	0.10199999999999998	1	1	NA	NA	NA	NA	NA	0.21182905381877015	0.6704770038780781
SLC7A5	0.2812983217918944	0.01353603656884166	0.185	0.089	0.096	1	0	NA	0.8022405999691586	NA	NA	NA	NA	NA
CIRBP	0.3872926263968019	1.8792980481100645e-4	0.614	0.519	0.09499999999999996	1	0	NA	0.9666972843593806	NA	NA	NA	NA	NA
CREBZF	0.528655370758957	7.835117938710896e-5	0.558	0.464	0.09400000000000004	1	0	NA	1.5462452946981229	NA	NA	NA	NA	NA
LRMP	0.28395971585618685	7.950352994352335e-5	0.125	0.031	0.094	1	0	NA	NA	0.6067212753762933	NA	NA	NA	NA
ANKRD11	0.3374253031677694	0.00467733341733948	0.699	0.608	0.09099999999999996	1	1	NA	0.871697102407692	NA	NA	NA	0.32870105889027923	NA
EVL	0.46170662479112035	2.015140892866028e-5	0.705	0.627	0.07799999999999996	1	0	NA	1.2852196912249054	NA	NA	NA	NA	NA
COTL1	0.5370742552988692	4.670412830736836e-9	0.747	0.673	0.07399999999999995	1	0	NA	NA	NA	NA	NA	NA	0.7011854638481541
EID1	0.422525035909846	3.6747246428110023e-6	0.694	0.621	0.07299999999999995	1	2	0.4509554331192626	NA	NA	NA	0.3031660801542455	NA	0.770478277141327
N4BP2L2	0.32880677417538795	4.171455691119339e-4	0.819	0.749	0.06999999999999995	1	0	NA	NA	0.6092886125420736	NA	NA	NA	NA
NDUFB10	0.3249037728024786	0.00142296942301915	0.718	0.649	0.06899999999999995	1	0	NA	NA	NA	NA	NA	NA	0.5311599068361976
ZFAS1	0.4013066667349854	3.9277991084613615e-6	0.825	0.773	0.05199999999999993	1	1	0.3985381520590092	NA	0.6519035272382925	NA	NA	NA	NA
ARL6IP5	0.39109083339538486	4.418504535397763e-6	0.864	0.813	0.05100000000000004	1	0	NA	NA	NA	NA	NA	NA	0.5611096669130151
EEF2	0.3896921501762965	5.2647826235971034e-9	0.837	0.786	0.05099999999999993	1	1	NA	NA	0.6208111644570893	NA	NA	0.33744816144424483	NA
CXCR6	0.3869851982011676	3.422407212271292e-4	0.776	0.728	0.04800000000000004	1	0	NA	1.6958521779476396	NA	NA	NA	NA	NA
RSRP1	0.33866249422769634	8.544273343063664e-4	0.79	0.743	0.04700000000000004	1	0	NA	1.1714311901586023	NA	NA	NA	NA	NA
ATP5MC3	0.23523189855831397	0.01474891737414204	0.779	0.736	0.04300000000000004	1	0	NA	NA	NA	0.6197171773699766	NA	NA	NA
KIAA1551	0.3374185217601684	5.504304565453502e-4	0.84	0.806	0.03399999999999992	1	0	NA	NA	0.8680862990840632	NA	NA	NA	NA
GMFG	0.36420423087551335	1.4594417791782836e-7	0.857	0.83	0.02700000000000002	1	1	0.7539820602715896	NA	NA	NA	NA	NA	0.5012097804769207
ATP5MC2	0.34641012626399137	2.567449647812682e-5	0.829	0.81	0.0189999999999999	1	1	0.52576817464396	NA	NA	0.7794572729257423	NA	NA	NA
OAZ1	0.33663539904627315	9.896019201092108e-14	0.976	0.967	0.009	1	1	NA	NA	NA	0.8052810501953807	NA	0.19845708225447067	NA
JAML	0.4294560992871838	3.052731640371929e-15	0.934	0.926	0.008	1	0	NA	1.278521252821306	NA	NA	NA	NA	NA
TMEM50A	0.2864171229862986	0.03914613989143738	0.866	0.865	0.001	1	0	NA	NA	NA	0.7436182733080865	NA	NA	NA
B2M	0.2271217724473615	1.4320764812737429e-11	1	1	0	1	1	0.14972616065340105	NA	NA	0.7768684722651038	NA	NA	NA
MT-CO2	0.25669128701514765	8.992586874621305e-7	0.999	1	-0.001	1	1	0.5539026691738203	NA	0.8282705195798208	NA	NA	NA	NA
STK4	0.31090924487294735	0.00286336726123753	0.866	0.867	-0.001	1	1	NA	0.9527177487306324	NA	NA	NA	0.25603948958067324	NA
HLA-A	0.21802093906039224	2.7840477084183825e-7	0.997	1	-0.003	1	1	0.6082341857742142	NA	NA	NA	NA	NA	0.39952909287004346
GPX4	0.3744895867806628	4.908773424536638e-4	0.859	0.876	-0.01700000000000001	1	1	NA	NA	NA	1.0066485185232517	0.27148779451047345	NA	NA
SUMO2	0.2264245069057691	0.0105793152477229	0.943	0.961	-0.01800000000000001	1	0	NA	NA	NA	0.5487701672697742	NA	NA	NA
HLA-DPB1	0.4474695359386024	7.717028504178797e-6	0.458	0.314	0.14400000000000002	0	1	0.4323339158729962	NA	NA	NA	NA	NA	NA
LIMS1	0.4260805305591787	2.8051924347035777e-4	0.45	0.307	0.14300000000000002	0	1	NA	NA	NA	NA	NA	0.2174021138517087	NA
GLCCI1	0.3768472724410585	1.7829875393670914e-5	0.304	0.161	0.143	0	1	NA	NA	NA	NA	NA	0.2114133862272068	NA
MAP3K1	0.4240194337494668	1.8482108302584672e-4	0.309	0.185	0.124	0	1	NA	NA	NA	NA	NA	0.30778563126848923	NA
CPOX	0.3173794716316577	0.01090176360458868	0.295	0.181	0.114	0	1	NA	NA	NA	NA	NA	0.15929074646566405	NA
MT1E	0.38243826623907706	1.9075898298694874e-6	0.147	0.035	0.112	0	1	NA	NA	NA	NA	0.35660891112379856	NA	NA
FOXO1	0.3308638418508596	0.04580178092884401	0.336	0.229	0.107	0	1	NA	NA	NA	NA	NA	0.22805388976253577	NA
LRRC8D	0.27351372000524116	0.02149690408256399	0.194	0.096	0.098	0	1	NA	NA	NA	NA	NA	0.1589718571797697	NA
FYN	0.3971362536941947	3.783716148459737e-6	0.725	0.632	0.09299999999999996	0	1	NA	NA	NA	NA	NA	0.4648736092316133	NA
SFPQ	0.3323807557431233	0.02459757930726935	0.618	0.542	0.07599999999999996	0	1	NA	NA	NA	NA	NA	0.3097676703442591	NA
MBD2	0.33560834259614714	0.01674389455959797	0.578	0.51	0.06799999999999995	0	1	NA	NA	NA	NA	NA	0.32477064490020746	NA
C9orf16	0.36378055539049914	0.00214169287167777	0.687	0.623	0.06400000000000006	0	1	0.4509025606384784	NA	NA	NA	NA	NA	NA
RGS10	0.3472937206258584	0.04464222085099914	0.759	0.699	0.06000000000000005	0	2	0.4962978399567781	NA	NA	NA	0.3418817182271956	NA	NA
UQCRH	0.25656288011589234	0.01117965702089911	0.85	0.808	0.04199999999999992	0	1	NA	NA	NA	NA	0.3446445808413814	NA	NA
CYTIP	0.34935670554581866	0.01311244639438184	0.747	0.721	0.02600000000000002	0	1	NA	NA	NA	NA	NA	0.2572861825458257	NA
MXD4	0.4353908442708727	6.097738027872005e-8	0.502	0.333	0.16899999999999998	NA	NA	NA	NA	NA	NA	NA	NA	NA
CBLB	0.4617201663625584	2.4435489995854724e-7	0.518	0.355	0.16300000000000003	NA	NA	NA	NA	NA	NA	NA	NA	NA
NUSAP1	0.68779419340171	3.851958031502588e-9	0.332	0.17	0.162	NA	NA	NA	NA	NA	NA	NA	NA	NA
ETV7	0.5137792394648039	4.087773003688081e-9	0.282	0.12	0.16199999999999998	NA	NA	NA	NA	NA	NA	NA	NA	NA
NCAPH	0.4298160161160916	6.516911543481873e-10	0.24	0.081	0.15899999999999995	NA	NA	NA	NA	NA	NA	NA	NA	NA
ANKS1B	0.4765204121906806	3.554798706100547e-9	0.222	0.072	0.15000000000000002	NA	NA	NA	NA	NA	NA	NA	NA	NA
RNF115	0.39620817458280855	5.008607446974e-6	0.362	0.216	0.146	NA	NA	NA	NA	NA	NA	NA	NA	NA
TNFAIP3	0.4433974848357569	7.265093653257927e-7	0.677	0.532	0.14500000000000002	NA	NA	NA	NA	NA	NA	NA	NA	NA
GTF2H5	0.4036037100088886	1.517544894755429e-5	0.378	0.235	0.14300000000000002	NA	NA	NA	NA	NA	NA	NA	NA	NA
DNAJC15	0.394068779703331	1.2176327786761064e-5	0.28	0.139	0.141	NA	NA	NA	NA	NA	NA	NA	NA	NA
CCNG2	0.4294944958433527	1.257844780776561e-4	0.374	0.233	0.141	NA	NA	NA	NA	NA	NA	NA	NA	NA
ZFAND5	0.5351711726532231	1.9046040090531753e-9	0.638	0.499	0.139	NA	NA	NA	NA	NA	NA	NA	NA	NA
DCP1B	0.4610084396249038	1.778820628723371e-6	0.271	0.133	0.138	NA	NA	NA	NA	NA	NA	NA	NA	NA
TP53INP1	0.3484958137727018	6.844964169755666e-5	0.277	0.146	0.13100000000000003	NA	NA	NA	NA	NA	NA	NA	NA	NA
SEC14L1	0.3853462610199293	1.906035201799548e-4	0.334	0.203	0.131	NA	NA	NA	NA	NA	NA	NA	NA	NA
ADAM19	0.31595829907796835	0.00189610961826431	0.33	0.2	0.13	NA	NA	NA	NA	NA	NA	NA	NA	NA
GSPT1	0.3716042094817129	7.53480821270369e-6	0.664	0.536	0.128	NA	NA	NA	NA	NA	NA	NA	NA	NA
ST3GAL1	0.3650978323204696	1.4639944246690176e-5	0.222	0.094	0.128	NA	NA	NA	NA	NA	NA	NA	NA	NA
BCL2L11	0.3941348131520226	0.00243535497443154	0.468	0.34	0.128	NA	NA	NA	NA	NA	NA	NA	NA	NA
HIST1H1E	0.4001104678471663	4.861429255417158e-4	0.348	0.222	0.12599999999999997	NA	NA	NA	NA	NA	NA	NA	NA	NA
LRRC8C	0.3503266971651522	8.452687858391e-4	0.304	0.179	0.125	NA	NA	NA	NA	NA	NA	NA	NA	NA
TRERF1	0.3483264472695093	3.392803113876789e-4	0.295	0.17	0.12499999999999996	NA	NA	NA	NA	NA	NA	NA	NA	NA
CCAR1	0.3269562479560052	0.00300391892668547	0.324	0.2	0.124	NA	NA	NA	NA	NA	NA	NA	NA	NA
XIST	0.3547195620326	0.03728453651229097	0.377	0.253	0.124	NA	NA	NA	NA	NA	NA	NA	NA	NA
DAPK2	0.3766017260843853	7.736543955862449e-4	0.286	0.163	0.12299999999999996	NA	NA	NA	NA	NA	NA	NA	NA	NA
ZEB2	0.4323473684453258	9.515456361866956e-4	0.416	0.294	0.122	NA	NA	NA	NA	NA	NA	NA	NA	NA
FAS	0.3846699512575315	4.5193609803165214e-4	0.28	0.159	0.12100000000000002	NA	NA	NA	NA	NA	NA	NA	NA	NA
GALNT2	0.4589935633912494	2.5970175319428267e-5	0.228	0.107	0.121	NA	NA	NA	NA	NA	NA	NA	NA	NA
RUNX2	0.33329313494977236	3.0549564683602856e-4	0.255	0.135	0.12	NA	NA	NA	NA	NA	NA	NA	NA	NA
EPB41L4A-AS1	0.3430387706514474	0.00372927730599414	0.344	0.224	0.11999999999999995	NA	NA	NA	NA	NA	NA	NA	NA	NA
ARRDC2	0.3099991454788179	0.00208872849374264	0.256	0.137	0.119	NA	NA	NA	NA	NA	NA	NA	NA	NA
FBXO32	0.3437023181510658	0.00575223260597989	0.363	0.244	0.119	NA	NA	NA	NA	NA	NA	NA	NA	NA
SLA2	0.36444833518646774	7.749996134752777e-5	0.203	0.085	0.118	NA	NA	NA	NA	NA	NA	NA	NA	NA
MRPL10	0.2960092411317609	4.4087614023387224e-4	0.225	0.107	0.118	NA	NA	NA	NA	NA	NA	NA	NA	NA
TMED8	0.3465152684178111	8.303520357652566e-4	0.263	0.146	0.11700000000000002	NA	NA	NA	NA	NA	NA	NA	NA	NA
FUCA1	0.4689788619871154	6.907326716029991e-7	0.156	0.039	0.117	NA	NA	NA	NA	NA	NA	NA	NA	NA
TSC22D4	0.29789523186014594	0.00198179429420084	0.289	0.172	0.117	NA	NA	NA	NA	NA	NA	NA	NA	NA
CHCHD5	0.32520257850521583	0.00249374163544796	0.271	0.155	0.11600000000000002	NA	NA	NA	NA	NA	NA	NA	NA	NA
SYNJ2	0.29529071181251376	4.185773270516071e-4	0.208	0.092	0.116	NA	NA	NA	NA	NA	NA	NA	NA	NA
ATXN1	0.35003714287542265	0.00748108892285752	0.443	0.327	0.116	NA	NA	NA	NA	NA	NA	NA	NA	NA
SAP30	0.40300711621527296	6.149276073505964e-4	0.248	0.133	0.115	NA	NA	NA	NA	NA	NA	NA	NA	NA
EVA1B	0.3946941489948218	7.129910104530592e-4	0.288	0.174	0.114	NA	NA	NA	NA	NA	NA	NA	NA	NA
ZNF282	0.3290099407114637	4.931620510971687e-6	0.161	0.048	0.113	NA	NA	NA	NA	NA	NA	NA	NA	NA
SOX4	0.8611369160090657	2.10212819319347e-5	0.181	0.068	0.113	NA	NA	NA	NA	NA	NA	NA	NA	NA
CD226	0.3007103643083522	0.0080508734710212	0.296	0.183	0.113	NA	NA	NA	NA	NA	NA	NA	NA	NA
MPRIP	0.34410268096115015	0.02376992934220125	0.483	0.373	0.11	NA	NA	NA	NA	NA	NA	NA	NA	NA
PHB2	0.32527461426530857	0.01070405080372073	0.397	0.288	0.10900000000000004	NA	NA	NA	NA	NA	NA	NA	NA	NA
SUCLG2	0.2889099205104769	0.00102319586940009	0.201	0.092	0.109	NA	NA	NA	NA	NA	NA	NA	NA	NA
LYST	0.26287096946130784	0.02948626767272813	0.275	0.166	0.109	NA	NA	NA	NA	NA	NA	NA	NA	NA
OARD1	0.30391974584901527	0.02992352313214432	0.279	0.17	0.109	NA	NA	NA	NA	NA	NA	NA	NA	NA
MPST	0.3049694778869878	0.02631774760993621	0.277	0.174	0.10300000000000004	NA	NA	NA	NA	NA	NA	NA	NA	NA
ATP6V1A	0.2618923151946365	3.1909418768809176e-4	0.159	0.057	0.102	NA	NA	NA	NA	NA	NA	NA	NA	NA
ATP5F1A	0.32352494484514893	0.00130167488496495	0.576	0.475	0.10099999999999998	NA	NA	NA	NA	NA	NA	NA	NA	NA
CASP8	0.3830487199654572	0.02325393013226707	0.455	0.355	0.10000000000000003	NA	NA	NA	NA	NA	NA	NA	NA	NA
AC017002.3	0.25877794781226116	0.00319215210967446	0.172	0.072	0.1	NA	NA	NA	NA	NA	NA	NA	NA	NA
CAPZB	0.4294310043009933	2.4375496241217286e-8	0.712	0.612	0.09999999999999998	NA	NA	NA	NA	NA	NA	NA	NA	NA
KLRD1	0.435058825554086	0.00610124766972002	0.182	0.083	0.099	NA	NA	NA	NA	NA	NA	NA	NA	NA
ZBED4	0.24407521753562825	0.04194141110155339	0.217	0.118	0.099	NA	NA	NA	NA	NA	NA	NA	NA	NA
NCF4	0.28575546593125134	0.02866443574040435	0.216	0.118	0.098	NA	NA	NA	NA	NA	NA	NA	NA	NA
N4BP2	0.27206356919554275	0.03072861312850896	0.199	0.102	0.09700000000000002	NA	NA	NA	NA	NA	NA	NA	NA	NA
ITPR1	0.3231183498636399	0.02644892395799627	0.205	0.109	0.096	NA	NA	NA	NA	NA	NA	NA	NA	NA
CTSH	0.4666139453126861	3.5712182057444494e-4	0.612	0.516	0.09599999999999996	NA	NA	NA	NA	NA	NA	NA	NA	NA
NPDC1	0.2672820649640847	1.217677546639761e-4	0.127	0.033	0.094	NA	NA	NA	NA	NA	NA	NA	NA	NA
NAB1	0.27360193921488585	4.99617267282484e-4	0.135	0.041	0.094	NA	NA	NA	NA	NA	NA	NA	NA	NA
SLC4A7	0.4568208848925135	9.29653039006162e-4	0.647	0.553	0.09399999999999996	NA	NA	NA	NA	NA	NA	NA	NA	NA
XYLT1	0.27614215393788216	0.02239384714318643	0.184	0.092	0.092	NA	NA	NA	NA	NA	NA	NA	NA	NA
EIF4G3	0.24980118701236148	0.03414091343664367	0.183	0.092	0.091	NA	NA	NA	NA	NA	NA	NA	NA	NA
LINC002481	0.22964471735860417	0.04276322469783727	0.163	0.074	0.08900000000000001	NA	NA	NA	NA	NA	NA	NA	NA	NA
WDR11	0.2269495670818636	0.00884853756517134	0.142	0.054	0.088	NA	NA	NA	NA	NA	NA	NA	NA	NA
AC009948.1	0.254515132802561	0.04745331488148616	0.168	0.081	0.08700000000000001	NA	NA	NA	NA	NA	NA	NA	NA	NA
GAS2L1	0.23325159772301776	0.04099409262513268	0.147	0.063	0.08399999999999999	NA	NA	NA	NA	NA	NA	NA	NA	NA
AIP	0.34749257195861283	0.04077042591874652	0.478	0.394	0.08399999999999996	NA	NA	NA	NA	NA	NA	NA	NA	NA
ATP11A	0.233110711401257	0.02026082472858813	0.123	0.044	0.079	NA	NA	NA	NA	NA	NA	NA	NA	NA
YBX3	0.27511660993725007	0.02275539442073801	0.114	0.037	0.07700000000000001	NA	NA	NA	NA	NA	NA	NA	NA	NA
PER1	0.2356523834349658	3.806154552980414e-4	0.088	0.011	0.077	NA	NA	NA	NA	NA	NA	NA	NA	NA
TSPAN5	0.22806556754408092	0.03401638122052091	0.121	0.044	0.077	NA	NA	NA	NA	NA	NA	NA	NA	NA
VDR	0.2274251783486487	0.02669051409640976	0.118	0.041	0.07699999999999999	NA	NA	NA	NA	NA	NA	NA	NA	NA
TNS3	0.25485633956585846	1.896466450986824e-4	0.079	0.004	0.075	NA	NA	NA	NA	NA	NA	NA	NA	NA
BCAT1	0.21682145715934856	0.00186136320370378	0.09	0.015	0.075	NA	NA	NA	NA	NA	NA	NA	NA	NA
IFNG	0.251763543374093	0.04381238455343336	0.109	0.035	0.074	NA	NA	NA	NA	NA	NA	NA	NA	NA
CAP1	0.3153216064358406	0.00520842181836616	0.69	0.617	0.07299999999999995	NA	NA	NA	NA	NA	NA	NA	NA	NA
TMC8	0.1975870543000608	0.0252667688059659	0.091	0.022	0.069	NA	NA	NA	NA	NA	NA	NA	NA	NA
PDE7B	0.22401576566691253	0.04103797633772756	0.095	0.026	0.069	NA	NA	NA	NA	NA	NA	NA	NA	NA
IL17A	0.5846865527829219	0.0010525840093562	0.076	0.007	0.06899999999999999	NA	NA	NA	NA	NA	NA	NA	NA	NA
ATP8B4	0.20716537907192353	0.00640512254058594	0.081	0.013	0.068	NA	NA	NA	NA	NA	NA	NA	NA	NA
POLR1D	0.32818102794380977	0.00126048816054492	0.662	0.599	0.06300000000000006	NA	NA	NA	NA	NA	NA	NA	NA	NA
ZBTB16	0.18108634438446636	0.00961688645846545	0.068	0.007	0.061	NA	NA	NA	NA	NA	NA	NA	NA	NA
TPX2	0.32787143330465596	0.0098331512657943	0.063	0.004	0.059	NA	NA	NA	NA	NA	NA	NA	NA	NA
ANP32B	0.35183142892353536	7.222108565930343e-5	0.77	0.734	0.03600000000000003	NA	NA	NA	NA	NA	NA	NA	NA	NA
TOMM20	0.2771917995716935	0.03721798160442768	0.772	0.749	0.02300000000000002	NA	NA	NA	NA	NA	NA	NA	NA	NA
CD96	0.36063691649302143	0.00154417164164034	0.784	0.776	0.008	NA	NA	NA	NA	NA	NA	NA	NA	NA
RAP1B	0.2798609898518798	0.03037818176614816	0.84	0.834	0.006	NA	NA	NA	NA	NA	NA	NA	NA	NA
