gene	avg_log2FC_Trm1	p_val_adj_Trm1	log2FoldChange_CD8	log2FoldChange_Teff	padj_CD8	padj_Teff
RPS21	-0.910843039231546	3.467652821482899e-192	-0.833	0.127	0.819	0.933
RPS27	-0.6901702931035008	1.0745219287682912e-133	-0.868	0.162	0.708	0.891
RPS29	-0.7858206567818691	7.428255872895552e-127	-1.588	-0.126	0.527	0.926
RPL38	-0.6792144523387176	6.3429238481255e-116	-0.072	0.227	0.987	0.845
RPL36A	-0.7597224038087664	6.855818057887349e-92	-0.376	-0.758	0.92	0.501
RPL37A	-0.5406822121362378	3.994189902551569e-89	-0.746	0.413	0.785	0.718
RPL21	-0.53065357579879	1.274018723059985e-84	-0.153	-0.128	0.962	0.902
SMAP2	1.356962630672346	2.8298473740940436e-83	0.112	-0.025	0.97	0.983
ANXA1	-0.964952230755482	3.2910185019798864e-83	0.421	0.792	0.908	0.57
RPS27A	-0.4519584125246423	2.159812155338035e-80	0.473	0.734	0.886	0.481
RPL37	-0.4768718482735359	1.0451202134566033e-71	-0.215	0.235	0.956	0.839
TMA7	-0.5319978942901185	6.620607789691887e-70	-0.036	0.426	0.993	0.689
MTRNR2L12	-0.987324382155906	3.3157728245017817e-69	-1.801	0.089	0.598	0.957
RPL34	-0.4483836002515229	2.207187726970441e-67	-0.807	0.509	0.759	0.655
NEAT1	0.9460846778636838	4.6468589487804165e-66	-0.35	-1.263	0.923	0.249
MT-ND3	-0.6733507953918929	6.123503387345908e-65	-2.281	-0.714	0.399	0.564
SRGN	0.7655946079434717	3.4431620686094384e-61	-0.453	0.07	0.888	0.961
TSC22D3	1.181688408747525	4.972888562823454e-61	-0.38	-0.009	0.89	0.995
RPLP2	-0.3682616929982796	7.847602986052492e-52	-1.115	0.52	0.678	0.704
RPL17	-0.6412843518455924	5.2346849683875175e-50	-0.509	0.703	0.839	0.485
RPS28	-0.39405827485214306	4.1343289476147246e-49	-2.53	-0.123	0.376	0.933
RPS10	-0.4075324580517039	7.59038672381884e-49	-0.631	-2.987	0.876	0.042
RPL39	-0.3707978496314493	3.842020449022963e-48	-0.458	0.28	0.871	0.801
AHI1	1.067808811493695	1.252871267298092e-47	-0.774	-0.56	0.792	0.597
NAP1L4	0.7073140210281621	2.862349650198916e-46	-0.841	0.343	0.739	0.745
EEF1A1	-0.31492167363220513	1.2166652550961378e-45	-0.389	0.726	0.881	0.514
BATF	0.7503487369155573	7.335420583075077e-45	-0.604	0.693	0.859	0.584
RPL41	-0.3015706570317045	7.995425335828124e-41	-0.086	0.506	0.981	0.609
MALAT1	-0.4555296706128775	1.1221974970119196e-40	-0.095	-0.435	0.981	0.733
HPGD	1.6222618916562914	1.6028112694150648e-40	-1.125	-0.538	0.684	0.593
PPDPF	-0.6351304640171196	1.5397506292759143e-39	-1.855	1.284	0.592	0.34
GYPC	0.8648678897580693	2.02496285827477e-37	-1.677	0.662	0.524	0.614
RPS17	-0.5829443309332945	2.1073286882803093e-37	0.069	0.711	0.986	0.493
RPS6	-0.3364066371504606	3.7197083459765942e-37	-0.097	0.575	0.976	0.553
JAML	0.49486629120846715	9.562562710535807e-37	-0.449	0.842	0.872	0.485
NPM1	0.49389677142091104	1.8445802537123692e-36	-0.765	-0.006	0.731	0.996
TXNIP	1.445311090078945	5.920518294076348e-35	0.358	0.091	0.888	0.944
RPL30	-0.28797444363691493	1.9112167270621376e-34	-0.977	0.896	0.762	0.35
FKBP5	0.9697786259515656	2.3987557379967912e-34	-0.857	-0.605	0.749	0.554
TSHZ2	0.8329146568236773	9.038016041595822e-34	-0.218	-0.637	0.967	0.566
GNLY	2.8974143911549737	1.4948046563045983e-33	-1.197	0.054	0.458	0.973
RPS25	-0.3314157192453111	3.279294581307498e-33	-0.723	0.644	0.764	0.513
RPL35	-0.33027960564181846	6.910096086567105e-33	-0.896	0.634	0.772	0.624
PDE3B	0.7346458497271633	8.889092546885072e-33	0.38	-0.824	0.89	0.404
HIPK2	0.8736564950578717	1.0020084744728647e-32	1.122	-0.037	0.703	0.975
COTL1	0.695565620315483	1.8512799424577102e-32	0.01	1.106	0.998	0.408
RPL22	-0.31655696990496907	2.1342093623639983e-31	0.123	0.145	0.973	0.902
RPL36	-0.31702649312808084	3.3151744904637686e-30	-1.379	0.165	0.603	0.912
SLC1A4	0.6676760576325234	5.2025346447935586e-30	1.326	0.88	0.538	0.389
RPS12	-0.3270333464226507	1.1224196956787616e-29	-0.583	0.537	0.819	0.617
KRTCAP2	-0.5217143040500234	1.1915726282278071e-29	1.506	-2.496	0.518	0.043
MT-ATP8	-0.5306690492074211	1.4400668971296734e-29	-0.208	-0.43	0.962	0.743
KIAA0319L	0.8968385827138046	1.140650582131965e-28	-0.692	-0.423	0.758	0.681
RPS3A	-0.27649274374758903	4.784372541657352e-28	-0.755	0.441	0.826	0.664
RPLP1	-0.27918264028091233	7.123153121490579e-28	-1.236	0.551	0.622	0.669
MT-ND2	-0.5254254959552425	1.0540755932740107e-26	0.019	-0.21	0.997	0.862
B2M	0.2603542239748906	1.26530544808865e-26	-0.508	0.327	0.89	0.806
ISG20	0.6697433048561854	1.2792697166327292e-26	-1.559	0.424	0.561	0.747
S100A6	-0.3839295174193351	3.97508621347763e-25	-0.663	1.79	0.83	0.107
MIF	-0.5943887920407065	6.3944051534244645e-25	0.444	-1.425	0.942	0.539
ETV7	0.6902742363093457	6.703319719577117e-25	-1.254	1.029	0.814	0.563
SLA	0.5992441627237597	2.05867870945401e-24	0.173	0.889	0.946	0.351
POLR2L	-0.4679685705195764	3.2684759180750438e-24	-1.435	0.645	0.598	0.653
OAZ1	0.35240045847663426	9.6129179827961e-24	-0.694	0.725	0.828	0.585
CD3D	0.521265403736241	1.4904815843188174e-22	-0.09	0.681	0.981	0.528
TNFRSF18	0.702938981898257	2.5378787018519074e-22	-0.712	1.95	0.892	0.24
RPL31	-0.34453100553378135	6.038053717885418e-22	-0.85	0.295	0.723	0.793
EEF1B2	-0.4115820670523771	1.0551377763761524e-21	-0.166	0.553	0.943	0.523
GPR171	0.6198233174807257	1.2605930010390283e-21	0.366	-0.196	0.942	0.891
COX4I1	0.40035997787774846	1.7263511311188688e-21	-0.67	1	0.681	0.264
DDIT4	0.5985684690842419	2.083222252086677e-21	0.721	1.705	0.868	0.223
SATB1	0.6029821724755238	3.069945104297828e-21	0.754	-0.757	0.602	0.389
ZFAND5	0.5990538176199491	9.331593018241036e-21	0.123	0.131	0.965	0.899
TSPAN14	0.60866811900699	1.0523491696739424e-20	0.809	0.043	0.811	0.97
GAPDH	0.3961941672594822	1.1619886830562396e-20	-0.478	1.51	0.873	0.218
CPM	0.7711776369528552	1.4409180544741552e-20	-1.928	-1.376	0.508	0.347
DDX3X	0.48474626510616425	2.161428315275957e-20	0.447	0.159	0.83	0.884
RPL27	-0.2956955607364873	2.3030894972272456e-20	-0.268	0.608	0.941	0.569
ROMO1	-0.4313040885238062	2.6777258640005307e-20	-1.447	0.664	0.609	0.611
TRBC2	-0.5501984823953823	3.287678629832384e-20	-1.117	1.382	0.67	0.247
HMGB2	0.6496735793025501	3.785528107562738e-20	-1.264	0.452	0.418	0.645
DHRS7	-0.4925464253865166	5.775844489187534e-20	-0.468	0.475	0.846	0.694
ARL4C	0.5153887843448963	7.358451601149042e-20	0.467	0.549	0.857	0.542
RPL32	-0.23081375770179943	1.1407305378267992e-19	-0.189	0.545	0.956	0.593
LGALS1	-0.473030369519845	1.4334314973264193e-19	-0.391	1.709	0.911	0.126
ARL6IP5	0.4485299493260264	2.018926643846497e-19	-0.559	0.481	0.791	0.683
PLCG2	-0.27811183513624016	2.5026742757385167e-19	1.899	-2.192	0.604	0.175
RACK1	0.26903410394550065	3.766087461948509e-19	-0.188	0.934	0.929	0.301
VIM	-0.4118538336364219	4.1045960244577938e-19	0.116	0.987	0.978	0.269
RPL9	-0.2516784949797364	4.5321277610219e-19	-0.71	1.092	0.814	0.349
TUBA1B	-0.5253276897060106	1.8686237411230694e-18	0.525	1.286	0.823	0.278
RPL35A	-0.21805430493824396	3.3875746501509647e-18	-0.681	0.631	0.786	0.561
TC2N	-0.4374069455695262	3.3978460046789964e-18	-0.428	0.12	0.898	0.931
GABPB1-AS1	0.676672027995264	5.38909508492004e-18	-0.472	-1.094	0.839	0.413
RPL23A	-0.26188048566500655	5.914866708247285e-18	-0.182	0.101	0.948	0.919
NUSAP1	0.613597286198553	6.241794440306364e-18	-2.419	-0.187	0.325	0.894
MSI2	0.5300551970243161	6.2771037099807854e-18	0.059	-1.985	0.987	0.076
PLP2	-0.4611567113353576	9.517066501200437e-18	-1.468	1.133	0.509	0.287
GK	0.4634403017511257	1.5699375644331634e-17	-0.29	-1.42	0.917	0.168
LTB	-0.6346624042306221	3.0821729517507116e-17	0.401	1.641	0.942	0.265
DYNLT3	-0.4425355228257897	4.381186600901609e-17	0.161	0.241	0.968	0.86
CRIP1	-0.609095770748882	5.606978402511059e-17	-0.748	0.891	0.868	0.535
PIK3IP1	0.5316789043938459	5.98405778852603e-17	0.801	0.584	0.784	0.623
ARGLU1	0.4692370109760273	1.4883736059476444e-16	-0.034	0.605	0.992	0.51
FURIN	0.541542634665549	2.592328380368493e-16	1.989	1.806	0.469	0.153
MT-ND4L	-0.4839905380076248	2.6415924439293083e-16	-0.552	-0.179	0.868	0.878
PNISR	0.422187019725784	3.0330101013123064e-16	-0.634	-0.474	0.798	0.675
ADGRG1	0.675060277395667	4.3739872249706263e-16	0.801	-0.66	0.837	0.663
IL26	0.5926595217825956	4.408973365861109e-16	-0.865	-1.271	0.872	0.384
GPR183	-0.5109226283796731	4.525311489982317e-16	-0.293	0.138	0.926	0.929
FAM129A	0.47640055157232863	8.534424259948707e-16	0.466	0.289	0.874	0.764
CTSW	-0.3156473055883067	1.0838254050119255e-15	-1.262	1.301	0.735	0.391
GPX4	0.4910395544761936	1.1765623319818646e-15	-2.035	0.582	0.476	0.686
FAM107B	0.3989027658224269	1.5207045056262741e-15	0.095	0.118	0.968	0.915
HLA-A	0.2908628875232582	2.697581363684702e-15	0.039	1.29	0.993	0.28
PAK2	0.3890850958646921	3.439703321526545e-15	0.289	0.208	0.932	0.824
HIST1H4C	-0.4885051446057711	3.4534665867472755e-15	-1.563	0.192	0.564	0.872
EVL	0.5039031736250115	3.740401235313033e-15	-0.127	0.333	0.972	0.722
GZMB	0.928088005643986	3.865202315678185e-15	-1.304	0.383	0.518	0.761
ANKRD28	0.5187967686026607	9.331473037764152e-15	-0.183	-0.328	0.971	0.809
CTLA4	0.5024803613195411	1.636648055959781e-14	-0.387	-0.536	0.936	0.578
SLC4A7	0.548533368184352	1.7816983669637703e-14	0.561	-0.672	0.867	0.49
XIST	0.6322303564001112	2.2618417973045708e-14	1.749	-2.617	0.768	0.248
DUSP4	0.5147750391077459	2.7590555983437913e-14	0.706	1.116	0.774	0.244
NDUFA3	-0.369347237410671	6.63228354982666e-14	-0.858	0.313	0.772	0.821
CAPZB	0.4156193444137313	9.000782130791304e-14	-1.019	0.998	0.626	0.351
SNX9	0.5949562365540113	1.0227986851286005e-13	-0.084	0.573	0.984	0.659
IKZF1	0.4285585191368992	1.4975314164170462e-13	0.439	0.112	0.84	0.907
RPS24	-0.1997029772469432	2.3839608867290433e-13	0.492	0.658	0.874	0.523
ANKS1B	0.43130464694033555	2.627799427170713e-13	-0.563	-1.894	0.859	0.177
S100A10	-0.264603206989968	2.93113253231131e-13	-0.726	0.716	0.785	0.505
GRAMD1B	0.5162595203691649	3.68874266127679e-13	-0.024	-0.13	0.996	0.921
RPL19	-0.18835985492926888	6.702589384597048e-13	-0.395	0.892	0.856	0.309
TRIM22	-0.3610725811827513	9.380321719093029e-13	0.383	0.459	0.885	0.719
EEF2	0.3647230133800927	9.716822558253349e-13	0.711	1.235	0.858	0.29
SYTL3	0.5451198724613934	9.81279439854497e-13	0.253	0.885	0.937	0.345
CNOT6L	0.4917345559091655	1.1555193275720829e-12	-0.002	-0.718	1	0.52
ARID5B	0.5270676535290018	1.2475243502965117e-12	-0.885	-0.023	0.679	0.985
ANKRD11	0.45454443337489825	1.6077937684450572e-12	0.626	0.358	0.815	0.798
RPS23	-0.2104741391215974	2.84349694866528e-12	0.419	0.599	0.88	0.548
ANP32B	0.37565201509732393	2.893460294706166e-12	-0.522	-0.003	0.819	0.997
TRERF1	0.4404775459477227	3.017910962143438e-12	0.505	-0.034	0.881	0.979
FBXO32	0.462741559735904	4.5168290271196755e-12	0.031	-0.095	0.991	0.934
RPS13	-0.19455927199727616	5.0890879978665386e-12	-0.433	0.584	0.887	0.583
MYH9	0.4833989401414309	6.216946789645889e-12	1.643	0.17	0.408	0.859
ZFP36L2	0.598945133087315	6.251153107150037e-12	0.183	-0.03	0.956	0.978
RPS18	-0.1838924262054027	6.649340453288708e-12	-0.629	0.577	0.776	0.547
EID1	0.3987191195434931	6.9616395899169955e-12	-1.053	0.595	0.643	0.563
GMFG	0.33373877298694987	7.506901765051716e-12	0.429	0.972	0.89	0.31
PET100	-0.3340440416733981	1.0182514278041923e-11	-0.919	0.353	0.588	0.735
H3F3A	0.22054732358461404	1.2859224650811827e-11	-1.025	0.211	0.546	0.834
C12orf75	0.5699308564113696	2.2562649876216307e-11	-2.06	-0.398	0.363	0.769
GSPT1	0.39409849120615936	3.2977533312145945e-11	-0.062	0.567	0.978	0.513
PTPN13	0.535010308511723	3.699524783209339e-11	0.837	-0.7	0.843	0.584
MXD4	0.42549893924237414	4.3134447917006435e-11	1.227	0.519	0.785	0.775
JAK1	0.29990857714216235	5.5826975339755216e-11	-0.009	0.716	0.998	0.399
SLC27A2	0.4318295160165912	6.036285697458958e-11	0.831	0.062	0.832	0.97
SLTM	0.4064699337518411	6.082442635915279e-11	-0.137	-0.087	0.951	0.932
HLA-DPB1	0.5392080056887001	6.155344814834427e-11	-1.088	1.083	0.648	0.314
COX20	-0.37544188237014686	7.299375102623194e-11	-1.012	-1.325	0.806	0.469
BTF3	0.2683403704514187	1.0108001268480443e-10	-1.235	0.697	0.58	0.484
RPS19	-0.2162508506459906	1.0811756470652179e-10	-1.162	0.635	0.626	0.615
LINC00623	-0.4084681101430787	1.1970055218960946e-10	-0.478	0.968	0.886	0.325
NCAPH	0.3855779275034804	1.221088856842469e-10	-0.904	0.565	0.803	0.53
TMPO	0.45766035369985447	1.2716973592999988e-10	1.14	-0.376	0.647	0.746
AKAP13	0.4107244593817969	1.4001332795556722e-10	0.042	0.264	0.991	0.797
BCL2L11	0.4534896379951783	1.463770499106832e-10	0.998	0.404	0.688	0.685
CTSH	0.474328397315555	1.9277309971265788e-10	-2.052	1.145	0.449	0.343
GLCCI1	0.4076313834419237	1.9645089957662483e-10	0.464	-1.052	0.893	0.234
LCP1	-0.33515861114391243	1.9956897184350078e-10	0.593	1.095	0.772	0.34
RPS20	-0.2136777310543625	2.502282662392395e-10	-0.417	0.686	0.883	0.473
NSMCE1	0.551958249443809	3.014349823203375e-10	-0.007	1.08	0.998	0.308
NUDT5	0.43833689553801514	3.2819368929359384e-10	-1.034	0.679	0.659	0.551
RGS1	0.5079521595230947	3.823707287985199e-10	-0.578	-0.936	0.868	0.483
ZCRB1	0.4655044704716448	5.502671376027208e-10	-1.061	0.539	0.602	0.593
RGS10	0.4350404660841942	9.05377358245984e-10	-2.101	0.304	0.385	0.801
HERPUD1	0.4233528509710578	1.0477144243630375e-9	-0.142	0.542	0.958	0.616
TRAV5	-0.14166791688645636	1.091383830548735e-9	-1.809	0.916	0.597	0.464
REEP3	0.4294746180051138	1.333146974475492e-9	-1.001	-1.143	0.582	0.211
PLIN2	0.39509421569299463	1.4815910810053891e-9	-0.516	1.101	0.841	0.256
PRDM1	0.518544332534226	1.7890469862312836e-9	0.534	-0.32	0.868	0.756
HAVCR2	0.3119113419549614	1.817467127601176e-9	-2.146	-1.935	0.449	0.141
RPL26	-0.15615547462183788	2.388833708362526e-9	-0.739	0.363	0.754	0.74
YPEL2	0.4536260977992256	2.762806267493461e-9	0.96	0.064	0.693	0.96
SNRPG	-0.31282783927902225	4.196055090524701e-9	-0.745	0.464	0.751	0.682
RPS5	-0.19560768719523616	4.399371215841014e-9	-0.746	0.905	0.801	0.413
ABCB1	-0.1633455245561641	4.622103047495025e-9	-1.27	-2.675	0.717	0.091
TMSB4X	-0.18441604349056728	5.248233637819097e-9	-0.088	1.027	0.98	0.332
HIST1H1D	0.49575489639301495	8.207534587325494e-9	-1.952	0.993	0.484	0.448
RPS26	-0.2835414800549607	1.0071348859832996e-8	-1.344	0.06	0.447	0.954
SEC11A	0.33968903733505074	1.071298178969352e-8	-0.28	0.677	0.881	0.509
S1PR4	0.3714111426985725	1.3601116402214733e-8	1.728	1.941	0.666	0.228
CD52	-0.2662348361851117	1.4668374264715055e-8	0.363	1.259	0.916	0.207
PCSK7	0.414047694768088	1.4820977176415064e-8	1.357	0.054	0.579	0.966
ST3GAL1	0.33900380878466063	1.846286527896989e-8	1.135	0.624	0.654	0.595
NBAS	0.54937846808169	1.9388810741015853e-8	-2.081	0.731	0.373	0.523
STOM	-0.31678503891127996	2.1886568051472992e-8	0.79	0.341	0.754	0.772
SCAND1	0.3413844672664854	2.2780438931870745e-8	-0.815	1.435	0.881	0.376
TCF25	0.36208006929363634	2.4457800426504156e-8	0.766	1.037	0.841	0.374
MT-ATP6	-0.1986747795805144	2.9315483222723452e-8	-0.416	-0.051	0.9	0.966
PRRC2C	0.2864204688512957	3.724165094071101e-8	-0.287	-0.1	0.903	0.929
LAPTM5	0.30742591412886977	5.0886008017411496e-8	-0.503	0.892	0.876	0.418
RBMS1	0.4311324930375855	5.2171999104081544e-8	0.07	-0.374	0.987	0.687
CAP1	0.3585192097060148	5.308841497190097e-8	0.314	0.68	0.9	0.528
LDHB	0.33582428042280044	7.033413329796982e-8	-0.202	0.151	0.928	0.905
HLA-C	0.2467255061371856	8.406158832359843e-8	0.155	1.517	0.972	0.255
UBL5	-0.2290295014806043	8.834804858436577e-8	-0.28	0.691	0.93	0.486
IFI44L	-0.2742125862574049	9.278021187094973e-8	-1.778	-0.549	0.557	0.762
MYL6B	0.28815276213758073	1.0284256638347285e-7	-1.042	-0.607	0.8	0.585
METTL8	0.39407732394230305	1.109053226944601e-7	-0.796	-0.407	0.604	0.729
MAP3K1	0.4452199332587075	1.3100543116519604e-7	0.775	-1.221	0.845	0.276
IL17RE	-0.17174564420914867	1.3819500923343437e-7	-0.354	-1.284	0.931	0.5
RNF213	0.29366620180465075	1.3926115691922218e-7	0.04	0.346	0.989	0.694
HSPE1	-0.326690968551846	1.5719709361690886e-7	0.63	0.707	0.823	0.503
CEBPB	0.4356211314186077	1.6379158801533305e-7	0.505	1.213	0.857	0.39
AC133644.2	0.36072193914827416	1.6920251972043814e-7	-0.169	0.565	0.954	0.567
TRAC	-0.35327050153298867	1.862350078566771e-7	-0.303	0.651	0.886	0.583
NDUFB1	-0.2910801782577026	1.8855485656041785e-7	-1.255	0.293	0.62	0.801
MT2A	0.520116610131836	1.912752743306229e-7	-1.72	0.05	0.648	0.978
CDV3	0.33314180582018316	2.026929920687938e-7	-0.4	0.203	0.896	0.857
PTMA	0.22592957286555748	2.040639386160352e-7	-1.01	0.375	0.609	0.704
TNF	-0.17863449681006646	2.1554450777792798e-7	2.051	2.179	0.506	0.036
HLA-DRB1	0.5222207490337112	2.2809067303523006e-7	-0.065	1.538	0.989	0.194
MIS18BP1	0.32546664597085107	2.452943801691832e-7	-0.455	-0.259	0.864	0.799
RPS3	-0.16624753085664068	2.618153177346705e-7	-0.417	1.22	0.837	0.185
CCNG2	0.532196008841183	2.906597379092269e-7	-0.68	-1.122	0.824	0.338
JUN	0.5502038175227884	3.065932530123719e-7	0.864	0.541	0.858	0.754
ZNRF1	0.34570585213078275	3.099664385919293e-7	-1.293	1.16	0.725	0.261
RNF19A	0.4573325729011226	3.621902812009374e-7	0.129	-0.142	0.965	0.901
STK4	0.29313251589448974	3.6552468153139315e-7	0.31	-0.094	0.889	0.928
CBLB	0.37889370312328974	4.431437485543802e-7	0.167	-0.451	0.965	0.659
NRIP1	-0.2626339811036468	4.968057864921887e-7	0.861	-2.432	0.815	0.113
AKNA	0.41136931783495745	5.027659360742945e-7	0.192	-0.475	0.942	0.647
HP1BP3	0.3038247657898834	5.157012453317491e-7	0.303	-0.229	0.863	0.808
ZMYND8	0.4014484889417649	5.322438211888691e-7	0.018	-0.913	0.997	0.438
RPSA	-0.18200636617308197	5.735409815317364e-7	-0.205	0.657	0.935	0.475
IFITM2	0.35046236318716817	6.413968928252473e-7	-1.627	1.224	0.477	0.187
ATP6V1A	0.28107425023230914	6.487925307281297e-7	0.575	0.845	0.857	0.465
MT-ND1	-0.22893995030068837	7.337134058028786e-7	-1.141	0.094	0.691	0.939
VAMP5	0.3538002172581667	8.40520081439219e-7	-1.141	1.005	0.67	0.369
UCP2	0.35284222597110737	1.0729395635952896e-6	-0.165	-0.074	0.974	0.962
RCSD1	0.37954077757064	1.1701391156453664e-6	1.043	0.176	0.626	0.879
FYN	0.362260318987941	1.2014829021048289e-6	0.578	0.699	0.772	0.433
CD59	-0.2687229634086518	1.2654167563583945e-6	0.363	0.759	0.875	0.494
HSP90AB1	-0.28137776364495926	1.326591398104514e-6	0.272	1.01	0.926	0.367
SMIM3	0.3947033568397414	1.4432067068564272e-6	-1.182	-0.269	0.72	0.865
HLA-E	0.3009909450323751	1.532360455953391e-6	0.766	1.084	0.823	0.395
HIST1H1E	0.395767316397125	1.6777735230245382e-6	-1.735	-0.096	0.55	0.955
MPRIP	0.38577454752760654	1.8516131855543592e-6	0.133	0.554	0.966	0.574
SP100	0.3446678028738568	1.8624155963167249e-6	0.032	-0.113	0.991	0.902
TPT1	-0.15493234874523942	1.946602417913995e-6	-0.036	0.44	0.993	0.675
NDUFAF4	-0.1744933367153474	1.9502078497068252e-6	-1.152	-0.489	0.561	0.659
GALNT2	0.3656979547892454	2.062846637751288e-6	-0.104	-1.211	0.98	0.382
CAPG	-0.2320221234083356	2.0733843107897104e-6	2.031	1.981	0.431	0.105
SEPT6	0.37428911662760633	2.1912466233729703e-6	0.456	0.886	0.844	0.313
ACTG1	0.3700315678523647	2.560667283624091e-6	0.577	1.139	0.795	0.337
ZEB2	0.35857306473468264	2.5895638193541905e-6	-0.467	-0.973	0.86	0.318
TUBB4B	-0.33458989503401737	2.6907143257299744e-6	1.543	1.357	0.602	0.317
SERBP1	0.29205852232736573	2.694365872928806e-6	-0.086	0.331	0.974	0.71
CARS	0.4657933757373087	2.9185576791340356e-6	-0.176	1.015	0.951	0.457
RPL6	-0.1499856942638127	2.923839589710319e-6	-0.761	0.708	0.812	0.454
COPS9	-0.2318155404199671	2.9995090102272823e-6	-0.863	0.727	0.782	0.575
TP53INP1	0.34107994683634396	3.1314516154745e-6	-0.593	-1.803	0.884	0.201
UBC	0.24377484605664623	3.5819589853367925e-6	-0.245	1.358	0.923	0.27
RPS27L	-0.3634890973482676	3.6663333749879632e-6	0.654	0.882	0.852	0.452
CIRBP	0.3279802696948535	3.912884485606773e-6	-0.675	0.63	0.836	0.573
TNS3	0.20491411588003983	4.10860732556102e-6	-0.225	-3.379	0.965	0.055
HIST1H2AC	0.3651138755339523	4.168509209221226e-6	-1.615	0.715	0.569	0.623
LRMP	0.2148237410685036	4.3638658149499006e-6	-0.843	-0.032	0.744	0.985
BIN1	0.3535722447538408	4.43013996121212e-6	0.833	0.339	0.866	0.819
TAGLN2	-0.2681937263916385	4.560752870809662e-6	0.151	1.49	0.967	0.191
CDK2AP2	-0.3101430165041519	4.740536957086017e-6	-1.777	0.929	0.581	0.482
USP34	0.35447061649167755	4.754272439513703e-6	-0.029	-1.274	0.996	0.23
GOLGA4	0.33250396968938656	4.91690244263231e-6	0.494	-0.274	0.831	0.811
LIMS1	0.3906767939280936	5.091428261797682e-6	-0.725	-0.129	0.629	0.9
CPOX	0.3131926801433803	5.401481854517407e-6	0.517	0.219	0.839	0.869
NDUFB2	-0.2682622112972348	5.716904335237152e-6	-0.991	1.088	0.676	0.32
SAT1	0.3282477726861508	5.815305949330524e-6	-1.434	-0.065	0.431	0.957
LCK	0.27181992533189514	5.837716055468728e-6	0.944	0.985	0.738	0.396
COX7B	-0.2539796637554046	5.970184500454864e-6	-0.572	0.864	0.828	0.415
HMGB1	0.22707593575325905	6.240526351168462e-6	-0.667	0.313	0.776	0.776
ATRX	0.3206057423708779	6.803326631940711e-6	0.196	-0.304	0.953	0.779
LMO4	0.5581951539226702	7.133511121267235e-6	-1.014	1.102	0.688	0.242
TERF2IP	0.2816804505472259	9.163987782051827e-6	1.015	0.618	0.714	0.576
TPI1	0.24864091388610188	9.822727720745316e-6	-0.413	1.702	0.899	0.116
CSGALNACT1	0.3134163679864649	9.852288663102356e-6	0.349	0.279	0.918	0.798
TBC1D2B	0.3498984449795274	1.000294176831216e-5	1.289	-0.014	0.595	0.991
C9orf16	0.2591109191821084	1.091061166730082e-5	-3.154	0.72	0.363	0.618
HDLBP	0.39208023907257994	1.2720813309184752e-5	0.961	1.296	0.714	0.143
ID3	-0.2051131334731321	1.3730170327708452e-5	-0.112	1.299	0.988	0.33
IL7R	0.48568643194675065	1.388729602245424e-5	-0.566	-0.388	0.839	0.754
CD7	0.4089199589893351	1.4687890771438562e-5	-0.744	0.254	0.853	0.88
SLC1A5	0.3455867908112478	1.4879353913121666e-5	1.721	2.324	0.613	0.103
IL2RA	0.32304473402054523	1.8789661368715103e-5	-1.116	-0.363	0.733	0.715
IL17F	0.45794794469210015	1.9003119248607507e-5	-1.5	-0.23	0.785	0.905
IL4R	0.3739672373209111	2.032418132293645e-5	1.254	1.129	0.504	0.17
MRPL10	0.26066029615187825	2.1524000737761343e-5	-1.352	0.228	0.65	0.844
SMCHD1	0.32603779011427014	2.202809159507267e-5	0.114	-0.941	0.972	0.37
TUBB2A	-0.14669047899273024	2.227560306226837e-5	-0.418	1.219	0.945	0.396
TOMM7	-0.22353805702806628	2.641154561345296e-5	-0.792	0.431	0.752	0.687
ATM	0.2962762755095135	2.697134528708617e-5	-0.895	-1.548	0.729	0.136
UBE2H	0.3490000912626303	2.9962126930451588e-5	0.696	-0.065	0.779	0.963
EPB41	0.31544357657318867	3.049108919175277e-5	0.35	-0.242	0.907	0.862
HLA-DPA1	0.33965224912978975	3.1879260526781325e-5	-1.224	1.165	0.524	0.261
DNAJC15	0.35397318131558975	3.3706979036334126e-5	-0.753	-0.242	0.823	0.851
DDX21	-0.267123043775912	3.7136271735833614e-5	-0.736	-0.226	0.777	0.833
ZC2HC1A	0.3641867986033253	3.875723580655078e-5	-1.096	0.486	0.772	0.746
FAM162A	-0.2492632914983406	4.335846697619997e-5	-0.406	0.675	0.865	0.465
PNRC1	0.2751779287661522	4.423041407200592e-5	-0.38	0.563	0.89	0.596
KLRB1	-0.35399480120221316	4.662820762109184e-5	-0.493	0.304	0.919	0.814
NKTR	0.33194140408039274	4.698818498448805e-5	-0.033	-0.843	0.995	0.375
PDCD1	0.4209907224347997	5.129478800962312e-5	2.315	1.89	0.519	0.23
SEC14L1	0.3135076423855847	5.165580240761572e-5	-0.051	-0.656	0.989	0.663
DAD1	-0.26222448759016803	5.176272304470686e-5	0.226	0.744	0.943	0.45
RSRP1	0.2368857453474611	5.18895397745914e-5	0.222	0.607	0.937	0.552
SYNJ2	0.2669827567966277	6.18686740929884e-5	0.22	-1.363	0.958	0.424
CHD1	0.34384563881911456	6.40265038794563e-5	-0.425	-0.64	0.881	0.573
SAP30	0.2958892525981665	6.55934989514886e-5	-1.957	0.547	0.451	0.712
HLA-DRA	0.35288598366209595	7.129101587420986e-5	-0.709	0.96	0.795	0.416
PARP4	0.320411091814778	7.2477647023939e-5	0.689	0.599	0.862	0.632
SYNRG	0.29117783365101	7.480415645922418e-5	0.906	-0.579	0.745	0.502
ORMDL1	0.28742635680516093	7.86500990186026e-5	-1.008	0.001	0.554	0.999
NBEAL1	0.36213203524075566	7.958123080611162e-5	-1.509	-1.617	0.504	0.233
MPZL2	-0.16183456053548254	7.9638082076264e-5	0.597	-0.547	0.834	0.654
FAS	0.3227519829364915	8.278634532282245e-5	-1.492	-0.914	0.363	0.479
NPDC1	0.20127607494664768	8.334428163642784e-5	0.44	-0.907	0.95	0.649
ADAM19	0.30500686758347717	9.124234923672171e-5	0.65	-1.262	0.832	0.257
BLM	0.29370923445823516	9.34298745101797e-5	-0.519	-0.509	0.892	0.683
RDH10	0.3581248576679954	9.899929231354866e-5	0.321	-0.405	0.95	0.781
COMMD6	-0.2702520213867401	9.9234082418756e-5	-0.418	0.521	0.899	0.613
FOXO1	0.3519553616007841	1.0757255251830635e-4	0.944	-0.154	0.725	0.885
ARRDC3	-0.21028372686326924	1.0767679052272312e-4	-0.347	0.609	0.937	0.663
SRSF4	0.27420512371248273	1.1229595858304848e-4	0.817	0.191	0.766	0.853
TOB1	0.3841401759506923	1.2548661265468115e-4	-0.423	-0.473	0.86	0.582
EFHD2	0.33162024034775694	1.2573271966713964e-4	-0.643	1.342	0.899	0.387
CHCHD5	0.29462053588910353	1.2602631841593357e-4	-1.558	0.849	0.487	0.476
METRN	-0.1974391686409303	1.3731215268105777e-4	2.488	-0.286	0.556	0.89
HCST	0.3123956195441364	1.3864027998874764e-4	-1.124	0.906	0.622	0.477
C11orf96	0.37038779086629625	1.700014605414104e-4	-1.979	-3.525	0.688	0.072
CLIC1	0.2381025711012437	1.8245991186785572e-4	-0.373	0.737	0.821	0.499
MSMO1	-0.2542309459964482	1.8544104136654905e-4	-0.529	0.323	0.876	0.794
TMED8	0.31200593861098946	1.8582420173178583e-4	1.058	-1.998	0.801	0.102
MAL	0.40799024492520014	1.866115646937275e-4	-0.408	0.056	0.955	0.977
SLCO3A1	-0.18052261201185368	1.883686266369149e-4	1.914	0.016	0.371	0.991
WASF2	0.31358930774766414	1.9477802851778305e-4	0.386	0.285	0.906	0.816
LY9	-0.23729141091474848	2.1534205345560313e-4	0.819	1.372	0.688	0.157
RAB27A	0.30216009900526264	2.2237502517371253e-4	-1.298	-0.685	0.554	0.486
BCAT1	0.17399177481970304	2.3457828775607677e-4	-1.23	-3.522	0.731	0.08
CFLAR	0.3489452821858152	2.347273239437095e-4	-0.525	-0.403	0.791	0.672
NDUFB10	0.24131256094422615	2.6774829455476036e-4	-1.312	0.264	0.594	0.859
XYLT1	0.26792730375169593	2.7459038424335145e-4	1.652	-1.871	0.607	0.151
CD247	0.31172970280592405	2.8022752057339225e-4	1.062	0.161	0.63	0.89
BPTF	0.3262994561144008	2.8094751287513866e-4	-0.327	-0.827	0.9	0.391
ZNF282	0.24656033295515992	2.883150008137469e-4	0.785	-0.42	0.838	0.813
PSME2	-0.26837702281982523	2.9258617777746284e-4	-0.265	0.602	0.883	0.552
FES	0.21449704625642368	2.9944614552201824e-4	-0.483	-0.313	0.921	0.871
EMP3	-0.23165411426107685	3.011547858546177e-4	-0.863	0.765	0.766	0.543
PM20D2	0.26824817094100784	3.156058683538311e-4	0.091	-0.677	0.986	0.688
YBX3	0.1960620710875872	3.247837405112278e-4	-0.923	-2.087	0.834	0.22
LGALS3	0.3876050507193427	3.422629939473428e-4	-1.768	0.992	0.438	0.399
PDCD4	-0.22719448198707237	3.443800890726433e-4	0.146	0.628	0.967	0.606
D2HGDH	0.2881914170333124	3.5725254311314356e-4	0.827	-0.545	0.849	0.756
MCAM	0.3218139757874328	3.9426843774639406e-4	0.233	0.224	0.96	0.897
SLA2	0.3015034581183774	4.007388715781661e-4	0.25	-1.743	0.951	0.09
TAF1D	0.31288671061606865	4.015911737813531e-4	-1.132	-0.048	0.61	0.97
REEP5	0.25866328559284124	4.55349951356553e-4	-1.256	0.594	0.441	0.54
TMF1	0.2939562590662843	4.850438698445885e-4	0.12	-0.026	0.965	0.985
RPS4Y1	-0.2057444602658034	4.990629878757785e-4	-2.191	0.593	0.8	0.861
DOCK8	0.32451088800716854	5.330306689296618e-4	1.07	0.601	0.497	0.482
MANF	-0.24444254551160385	5.578539090842548e-4	-1.48	0.447	0.564	0.678
DHX36	0.3040437281655721	5.590374444010205e-4	-0.58	-1.091	0.771	0.356
TNFSF14	-0.1547141865174096	5.672172063424857e-4	1.633	1.131	0.53	0.21
EVA1B	0.2939846988472	5.704178340569227e-4	-0.62	0.529	0.908	0.776
PPT1	0.316397055220456	5.954402393284806e-4	-0.469	0.118	0.872	0.926
CREBZF	0.3706730115802244	5.992838743252232e-4	0.365	-0.479	0.914	0.666
GCLM	-0.24522261942764112	6.278537329363139e-4	-0.115	0.695	0.98	0.427
CTSB	0.3402675434458019	6.362428749779555e-4	-0.666	0.586	0.841	0.628
SMCO4	0.32833568946388714	6.981349100707742e-4	-0.837	0.49	0.858	0.755
INPP5D	0.29861119583249063	7.091422329332701e-4	0.536	0.667	0.843	0.603
CXCL13	0.5101743786719677	7.51304903636876e-4	1.06	-1.489	0.829	0.349
MYBL1	-0.220428492758531	7.535049284852226e-4	0.05	-0.89	0.991	0.533
VEGFB	-0.1985944565162483	7.770182728942985e-4	0.487	0.988	0.923	0.484
TNFRSF1B	0.3037234224318577	7.782252692513688e-4	2.708	1.964	0.325	0.084
CCL20	-0.2888648790011823	7.864754264997955e-4	-1.057	0.447	0.829	0.761
TRPS1	0.3543703559132749	8.286106949895366e-4	-1.187	-0.032	0.684	0.982
KIAA1551	0.31031918775885314	8.504678582246754e-4	-0.037	-0.51	0.993	0.709
CELF2	0.35674135291127973	9.294331896674704e-4	0.203	-0.129	0.935	0.899
LUZP1	0.38260222845414293	9.331857530734172e-4	0.047	0.317	0.991	0.773
PPFIBP1	0.24874695514433717	9.338055595896062e-4	0.705	-1.717	0.9	0.189
C6orf48	0.27672714353734185	9.50776120449678e-4	-1.756	0.323	0.418	0.738
MPST	0.2694102476900552	9.709131892818212e-4	-0.025	0.302	0.997	0.872
CDC123	0.3219196730495375	9.799615021684e-4	-1.141	0.587	0.496	0.54
CA2	-0.15092529323719422	9.83166182012727e-4	-0.911	0.264	0.842	0.899
JAK3	0.2908182683717668	0.00101366671731791	0.774	0.049	0.795	0.967
ELK3	0.3298714531789797	0.00101723796648071	0.842	-0.306	0.772	0.785
ANXA5	0.3233225498100709	0.00102363391806018	0.246	0.538	0.922	0.66
CCAR1	0.29240728634113433	0.00102507637136504	-0.474	-0.076	0.886	0.955
LPIN2	0.33440104002314586	0.00114520534283117	0.975	-1.131	0.736	0.325
PRKAR1A	0.3287026246341731	0.00114805577105713	0.761	0.422	0.73	0.703
TIMP2	0.23981615598357087	0.00116293632443931	-1.552	-1.604	0.542	0.207
DAPK2	0.3252500236808305	0.00122548567630757	0.135	-0.284	0.981	0.836
IQGAP2	0.33574935951299567	0.00124062295355412	-0.312	0.154	0.896	0.871
TUBA4A	0.32788292729137436	0.00126882002102628	-0.245	1.072	0.958	0.387
KMT2A	0.2712751536001463	0.00128864047768065	-0.045	-0.153	0.991	0.871
CD3G	0.25815970770701435	0.00131653099353417	-0.232	-0.133	0.946	0.911
AIP	0.2975500186488035	0.00131837744699432	0.452	0.563	0.914	0.676
HIST3H2A	0.22004081326976363	0.00132286722823998	-1.001	1.961	0.868	0.201
TSPAN13	0.2301777830047459	0.00138931424979835	-2.426	-1.791	0.524	0.449
GBP2	0.31924097113848693	0.00146977411733538	0.043	-0.142	0.99	0.905
SDF2L1	-0.22507514911328963	0.00153370667931049	-0.192	1.001	0.976	0.55
LYPD6B	0.18009525495874557	0.00158025693411262	-0.652	-1.581	0.934	0.442
SNRPD2	-0.20220137541400263	0.00158979800151768	-0.34	1.009	0.899	0.266
PRDX5	0.2749917744403898	0.00168312142456807	-0.247	0.853	0.945	0.516
NDUFB6	-0.2224159568506645	0.00169673069900917	-0.412	1.046	0.898	0.378
BCL7C	-0.2525858647995356	0.0017444701133652	-0.218	0.372	0.961	0.84
HMGN2	-0.28368555220979075	0.0017481820368956001	-0.613	0.648	0.766	0.479
MGST3	-0.2369064814405064	0.00177018874750712	-1.35	1.04	0.636	0.262
MBP	0.2399537397298901	0.00182418591794435	0.987	0.482	0.469	0.617
HMOX2	0.2927167277717849	0.00192490909587417	-0.096	0.813	0.979	0.487
RPL27A	-0.182954147535475	0.00197977655992066	-0.743	0.644	0.773	0.586
LRRC8C	0.27713186724984495	0.00199920535515215	0.427	-0.641	0.906	0.49
ZC3H18	0.26271735109468397	0.00200944124210152	1.737	0.382	0.572	0.769
TPM4	0.3116995451235598	0.00218222080330598	0.608	0.248	0.771	0.836
CXCR6	0.2856231544908532	0.0022870583977326	0.314	1.154	0.919	0.366
PTPN7	0.31901101899376194	0.00229323824919222	0.421	0.565	0.927	0.65
TNFRSF4	0.3823547608044999	0.00230630404258811	0.599	0.98	0.904	0.549
GNAI2	0.25803135762942353	0.002337946521102	1.901	1.768	0.476	0.173
NRDC	0.29975531398434774	0.00247394917118374	0.51	0.223	0.786	0.852
EMB	0.30321223410591736	0.00248935360387919	-0.482	-0.121	0.868	0.917
HLA-DQA1	0.2471434867083564	0.00258196136012309	-0.254	0.797	0.954	0.555
SELPLG	0.31575695683133587	0.00259191931029755	0.546	0.858	0.89	0.508
GLIPR2	-0.15420689211330577	0.0026971017130583	-0.314	1.345	0.945	0.234
TAX1BP1	0.23659887236653288	0.00271207895043113	-0.146	0.494	0.966	0.697
JAKMIP1	0.18431087959271977	0.00274205953233682	0.781	-0.008	0.864	0.997
H1FX	0.34847327612280765	0.00287100803216025	1.252	0.678	0.798	0.724
PDE7B	0.20951933083523103	0.0029668363310605	0.463	-1.094	0.918	0.433
WDR11	0.20522415736253832	0.00302420552870857	-0.234	-0.751	0.943	0.581
TAB2	0.29784875436371605	0.0032126501027373	0.023	-0.017	0.996	0.99
IL17A	0.4648459179634133	0.00330368471666727	-7.553	-2.449	0	0.252
THRAP3	0.27388272504076294	0.00331282655243396	0.153	0.488	0.951	0.592
HLA-DQB1	0.3005644087541355	0.00353029298806391	-0.426	1.766	0.921	0.191
KIT	-0.20632293323032772	0.00377336469333136	1.258	-1.735	0.777	0.273
SETD7	0.2811367356871786	0.00401584411273032	1.263	-0.899	0.576	0.337
DDX17	0.21321135086389864	0.00408929140060611	0.578	0.202	0.814	0.842
PDCD5	-0.2255734607741404	0.00410199122244889	-1.33	0.095	0.514	0.941
H2AFZ	0.4532402879416444	0.00426860512013314	-0.772	0.784	0.761	0.416
RDX	0.3107329123205881	0.00430730338972074	-1.894	-0.258	0.403	0.833
NAA50	0.30218799841010757	0.00434088222171889	-0.605	-0.291	0.856	0.785
ANKRD13A	0.29330639593671626	0.00453930830402906	0.521	0.444	0.841	0.707
SFPQ	0.2641127399951011	0.00460624769364653	0.281	0.497	0.921	0.553
UQCRQ	-0.24554227739255283	0.00474713315444944	-0.583	0.882	0.853	0.42
CYSTM1	-0.1804725201666296	0.00493306872023827	-0.138	0.909	0.966	0.331
CD69	-0.24224224751850856	0.00495832349770248	-0.595	0.036	0.869	0.981
ORMDL2	-0.19828570805079815	0.00498366156823684	-0.163	1.092	0.945	0.255
DNPH1	0.3000111971091932	0.0052189257518806	-1.1	1.582	0.763	0.293
PFN1	-0.18447994189109673	0.00523029244489662	-0.521	1.119	0.881	0.408
PTPRJ	0.2803685269167039	0.00531489937199721	-0.341	-0.254	0.901	0.809
ARRDC2	0.303040134208275	0.00556355708232515	0.48	0.859	0.911	0.421
MGST2	0.2276561093114459	0.00563170488923102	-0.948	0.313	0.795	0.798
ZFP36	-0.23851410607706255	0.00563411966049646	0.216	1.081	0.951	0.342
EIF3E	0.2277038718129616	0.00577197815751586	-0.907	-0.466	0.681	0.708
ATF4	0.2723640798737741	0.00577937564649515	-0.066	0.981	0.984	0.226
NDUFS6	-0.2068994340328234	0.00578070725217841	-1.36	0.509	0.61	0.708
TUBA1C	-0.2357122175580341	0.00612275497642926	1.337	1.407	0.556	0.196
LRRC8D	0.2583940841103318	0.00628838024202463	0.094	-0.236	0.977	0.89
NCF4	0.25909588042071036	0.00638258852090635	1.23	1.238	0.79	0.306
DHRS1	-0.1404702628978113	0.0067020948292604	0.554	0.887	0.864	0.419
SEC61G	-0.2388242571706629	0.00671470250267327	0.473	0.659	0.9	0.56
SSH1	0.26161938336161605	0.00674503956279825	0.56	0.064	0.827	0.968
TLE4	-0.16598786710496433	0.00696672224508332	0.799	-1.402	0.753	0.311
AP2B1	-0.2342385534933913	0.00746486770246032	-0.131	0.438	0.975	0.718
AC016831.5	0.2716014354932599	0.00761730183465024	NA	-7.089	NA	0.06
TNIK	0.24730717041457825	0.00762937779107876	0.548	-0.124	0.862	0.912
TACC1	0.3140132560435388	0.00771050357456811	-0.069	-0.293	0.987	0.779
XRCC5	0.21908222503920904	0.00863145440586687	-0.401	0.563	0.873	0.634
ALKBH7	0.2802987182662636	0.00882011062388874	-0.084	1.35	0.988	0.364
CD48	-0.1991889179993085	0.00887257815514165	-0.212	0.417	0.952	0.725
COMMD4	0.22295727256314252	0.00895339660806564	0.006	0.455	0.999	0.751
CD96	0.26885887256637186	0.00898358010732399	-0.526	0.22	0.864	0.872
SOX4	0.5727258330861491	0.00937419874718974	-0.934	-1.76	0.784	0.12
SUMO2	0.16547703022507187	0.0094408960821161	-0.915	0.39	0.629	0.715
MRFAP1	0.2409707679761748	0.00948634528940263	0.097	0.819	0.974	0.412
TMEM109	-0.18017530233423268	0.00951855612641865	1.974	1.695	0.45	0.212
NAB1	0.1848334839579953	0.01035072643662905	-0.093	-1.609	0.982	0.179
MRPS6	0.2828634320464556	0.01062734204224824	-0.978	0.011	0.63	0.993
CLTA	0.257492939140493	0.01065389358296827	-0.023	1.369	0.996	0.251
LAMTOR1	0.24541432887133607	0.01082852589827064	-0.456	0.678	0.863	0.52
CCNI	0.20254256585156497	0.0112995934945658	0.193	0.448	0.953	0.623
ACAP1	0.29277718014843424	0.01134793199847826	1.988	1.62	0.428	0.176
CD44	-0.1717001000379681	0.01156829794328551	-0.081	-0.106	0.977	0.928
FUCA1	0.3030026831573715	0.012465565166012601	-1.155	-0.587	0.808	0.753
EZH2	0.1993477963017759	0.01272770287934441	0.132	-0.086	0.975	0.952
ZBED4	0.24282985211422364	0.01361530182444633	0.588	-0.453	0.89	0.735
ERN1	0.316037123154261	0.01363339769354303	0.139	0.126	0.965	0.934
ODF2L	0.3713292292335324	0.01386191305486515	-0.241	0.205	0.952	0.844
ACAT2	-0.18719084586862145	0.01390814108366828	-0.074	0.899	0.978	0.399
ANXA2	-0.19433408594123147	0.01406947384350505	-0.027	0.876	0.994	0.475
IVNS1ABP	-0.2026048391097603	0.01409153693446836	0.959	0.266	0.52	0.799
ZKSCAN1	0.22289143594276797	0.01501521873745277	1.212	0.299	0.558	0.823
MZT2B	0.2003069339306478	0.0161473608445646	-0.954	0.412	0.836	0.807
MCL1	0.23585567951745937	0.01644211682280992	0.838	0.196	0.732	0.85
UBXN4	0.22726962614354096	0.0166479665961464	-0.431	0.193	0.805	0.837
PRKDC	0.2492217000850987	0.01665846385621407	0.307	-0.898	0.922	0.347
CYSLTR1	0.3227935252582774	0.0167793479747701	0.938	0.677	0.871	0.611
SKAP1	0.27917219655097414	0.01700857066294358	-0.176	0.519	0.95	0.646
STK17A	0.2248210640488062	0.0171083972833776	-0.043	0.217	0.989	0.837
S100A4	0.176992316934502	0.01840106383114063	-0.085	1.754	0.986	0.102
CYBA	0.16755404614099725	0.01850831712836705	-0.827	1.382	0.86	0.362
IGFLR1	0.3222639553386164	0.01943683901109039	-1.966	0.788	0.523	0.542
TMC8	0.16076678432844982	0.01949051228160215	1.486	-0.007	0.679	0.997
FUT7	0.22839599394087184	0.01950984562199399	2.465	1.141	0.708	0.58
VDR	0.16450591198520553	0.01973896458140116	2.092	-1.528	0.556	0.299
ATP6V1G1	0.18309583471000668	0.01995855870013502	-1.128	0.764	0.558	0.449
IKZF4	0.2045424576489586	0.02023170999874051	0.939	-3.208	0.798	0.108
IFI44	-0.25072034688088507	0.02112786607926622	0.172	-0.137	0.976	0.926
POLR1D	0.24768241926382273	0.02313676598233159	-0.331	0.21	0.888	0.84
MLXIP	0.20121586531756613	0.02340107412241228	1.778	-0.24	0.491	0.854
TPGS1	0.263944485485592	0.02362928320576541	0.936	0.956	0.864	0.624
IKBKB	0.2417785846440778	0.02380925906277574	0.442	0.866	0.874	0.43
MAST4	0.24660334081682972	0.02392773751090131	-0.529	-0.966	0.9	0.36
RGCC	-0.27039776989868936	0.02467330027327755	-0.495	1.119	0.909	0.486
N4BP2	0.21849142324373233	0.02577432010680381	0.219	-0.561	0.965	0.669
TUBB	-0.22565302586450353	0.02595215005496598	1.594	1.285	0.305	0.212
LSP1	0.22052256240384135	0.02601038029991922	1.025	1.405	0.786	0.306
TMEM50A	0.19550387599288263	0.02683172113634467	-0.581	0.692	0.735	0.54
LUC7L3	0.26358597519814264	0.02692976134968087	-0.229	0.093	0.892	0.93
BOLA3	-0.19254953976144085	0.02823125249703185	-0.745	0.171	0.829	0.905
COX6A1	-0.18336495342519	0.02972297233989699	-0.6	1.279	0.815	0.223
RPS2	0.15112374360237535	0.0301624524753748	-0.327	1.328	0.939	0.304
RAD21	0.22468328202790544	0.0302973513826195	0.071	-0.219	0.981	0.843
NECAP2	0.2518633819821937	0.0307310550091957	0.507	1.192	0.878	0.208
CD101	-0.2241611976055591	0.03127086206905349	1.696	0.304	0.668	0.85
JMY	0.26899545304154204	0.03140773219142022	-0.677	0.017	0.852	0.991
SRRM2	0.2429696065147384	0.03263819869476121	1.182	1.159	0.674	0.266
PPP1R12A	0.23233621859714135	0.0338635669464561	0.509	-0.414	0.848	0.681
PSMD14	-0.21487529952054985	0.03424941948977581	-0.156	0.509	0.948	0.662
PRDX3	0.2557458539886187	0.03534912096841	-0.759	0.548	0.688	0.641
LYPLA1	0.2279341369201261	0.03603276064979575	-0.896	0.109	0.601	0.935
DCP1B	0.3027649974606721	0.03724969021972585	-0.697	0.14	0.792	0.904
HIST1H1C	0.35113752790173325	0.03856001062248731	-0.503	1.03	0.903	0.35
GPR132	0.19573824313079785	0.04166971736422347	1.172	0.914	0.697	0.388
UQCRH	0.19280013806178964	0.04232049423186589	0.279	1.007	0.932	0.311
IFITM1	-0.522904001289018	0.0440045658213045	-0.836	0.801	0.677	0.413
CLEC2B	-0.30031708363665777	0.04411060999289342	-0.814	-0.127	0.844	0.93
HUWE1	0.27521487264416966	0.04536302119949869	0.428	-0.158	0.886	0.888
NDUFA1	-0.17559254635239885	0.0468037867991407	-0.527	0.604	0.839	0.551
CTCF	0.24758811271377712	0.04711931099443969	0.617	0.466	0.823	0.722
C7orf50	-0.1700371468785109	0.04754321137422589	-0.152	1.076	0.98	0.489
LYST	0.23449802760741484	0.04781972780666897	-0.838	-0.66	0.718	0.607
C4orf3	0.24301324263665935	0.04786115531614937	-0.831	0.339	0.623	0.747
TSPO	0.21658858048001273	0.0513871971881021	-0.488	1.555	0.911	0.246
SYAP1	0.25982857352707767	0.05394220074576626	-1.288	0.538	0.574	0.624
COMT	0.24681110013616112	0.05698402575666311	-0.967	0.683	0.795	0.631
MYCBP2	0.27448805515105423	0.06213700335535255	0.096	-1.031	0.979	0.323
SLC5A3	0.33950784159745884	0.064280238653344	-0.123	-1.453	0.98	0.187
HDDC2	0.20877618362655215	0.06483557941436195	-0.021	-0.313	0.997	0.751
PSMB8-AS1	0.2621645124044828	0.06522762381357336	-0.632	0.566	0.783	0.605
CASP8	0.2904452207645005	0.066598133258825	0.665	-0.305	0.82	0.802
GBP1	-0.15744342202946987	0.06673724144249789	0.45	0.61	0.888	0.584
SDF4	0.2759544043619879	0.06763492553718974	1.714	2.279	0.613	0.158
ACTR3	0.2103027383520479	0.06855509778947454	0.111	0.027	0.965	0.982
RAB21	0.235418936852695	0.06887477991117762	-0.121	-0.046	0.976	0.969
TSC22D1	0.22553728092843567	0.0718663007540274	-0.728	-0.957	0.853	0.487
SARAF	0.19924749094903227	0.07634823375484352	-0.358	0.186	0.894	0.866
FLNA	0.32111038206221676	0.07840657933637449	1.965	0.495	0.544	0.73
ITGB1	0.26379415927398986	0.08515216428564328	0.355	0.017	0.832	0.989
AGPAT5	0.2589497440512251	0.08925030084970753	-0.744	-1.308	0.774	0.247
DNAJC19	-0.19261765260462693	0.08938596183002885	-0.355	0.937	0.829	0.339
DDX46	0.22319468891416497	0.09099146156858294	-0.095	0.665	0.978	0.456
ZBTB38	0.3884687735409492	0.09166661995663997	0.136	-0.621	0.976	0.542
BTN3A2	0.23163268196231113	0.09194300565811107	0.304	0.016	0.927	0.988
NSD1	0.2485561505506929	0.09304490238790214	-0.561	-0.555	0.901	0.672
ITGAE	0.25727498107869384	0.09427630075795668	0.499	0.675	0.834	0.462
DYNLRB1	0.2667159350343997	0.09521660874129696	-0.978	1.066	0.657	0.223
CITED2	0.2715161106713918	0.0957787086878146	-0.054	1.51	0.991	0.227
MAGED2	-0.17455088648088934	0.0961090968421749	1.035	1.771	0.732	0.148
TESC	0.1704952098352549	0.09968021785732777	-0.388	0.826	0.95	0.64
PRPF40A	0.2080821372365662	0.0997015359911114	-0.819	-0.134	0.613	0.895
NKG7	0.19741894616525135	0.10108100327230717	-1.823	-0.806	0.492	0.577
LEPROTL1	0.20235326883903104	0.10168587345970329	-0.271	0.025	0.888	0.982
CTSD	0.23979745542378283	0.10222385373591124	-1.073	1.093	0.826	0.447
LAMTOR5	0.21343184485202493	0.10253373762288204	-0.315	0.575	0.906	0.582
IGBP1	0.24581862785687436	0.10508280882174276	-1.182	0.14	0.564	0.902
ITPR1	0.23367762520812668	0.10608108832336537	-0.606	-1.146	0.864	0.214
SMARCA2	0.3012420116765049	0.10771286348099564	1.065	0.149	0.602	0.894
MGAT4A	0.29653395365865554	0.11015921922406333	-0.544	-0.744	0.888	0.49
LYSMD2	-0.167776066134127	0.11094930670489814	-1.504	0.086	0.578	0.961
USF2	0.24478341017920768	0.11191804129500356	0.646	-0.346	0.837	0.812
CD226	0.25249989116765786	0.11231020916023186	0.146	-1.11	0.977	0.374
GRB2	0.25874424905662496	0.113744195906026	0.034	0.966	0.995	0.325
HIGD2A	0.2529987729958578	0.11883268913489176	-2.402	1.295	0.395	0.271
WEE1	0.19096323687897207	0.1206407073835168	0.143	-0.288	0.967	0.806
BUB3	0.21988754677401556	0.12312465251767064	-0.738	0.377	0.495	0.715
LEPROT	0.25536154516010556	0.12732637221170998	-0.315	0.094	0.915	0.948
VPS28	0.23349190964806632	0.12870856167467423	-0.901	0.839	0.816	0.507
SUCLG2	0.20305832238751692	0.12900715626649004	0.702	1.32	0.86	0.174
CSNK1G3	0.25086885188393954	0.13346185379426906	-0.728	-1.08	0.79	0.444
NAGK	-0.15020963375740082	0.13420759367364915	0.309	0.943	0.895	0.3
SVIP	-0.1858669156465942	0.1396601373647709	-2.796	0.087	0.264	0.943
DAPP1	0.18120046531909084	0.14031891140642197	0.867	0.126	0.858	0.919
SLAIN2	0.2674075608340516	0.14286463268557115	-0.347	0.128	0.924	0.901
ANKRD26	0.2027500521361553	0.14430577015108795	0.254	-1.158	0.948	0.397
DIAPH1	0.2457999501459336	0.14545252487926866	0.897	0.417	0.585	0.721
GOLPH3	0.22025099757207267	0.14586596152090003	0.921	0.772	0.776	0.522
KLRD1	0.29649383119916717	0.1466997970091459	-0.95	-4.544	0.644	0.019
OCIAD1	0.23202779439898435	0.1522744514788586	-0.726	-0.033	0.77	0.981
PDCD7	0.25547535688059864	0.1587388935569209	0.44	1.638	0.909	0.212
TPR	0.24004866660658708	0.16698581722359077	0.044	0.183	0.987	0.859
HELLS	0.1539735603002374	0.16793069717613582	-2.213	-1.531	0.444	0.269
WNK1	0.2814307003082561	0.169324101447555	-0.237	-0.61	0.935	0.557
IL21R	0.14144810155560517	0.17003038404166687	0.961	-0.082	0.779	0.961
RNF115	0.24535834424792724	0.17910964546134486	0.046	-0.608	0.994	0.623
UBE2E3	0.2545287938514458	0.18039994457490943	-0.477	0.163	0.815	0.906
IP6K2	0.2220170404708281	0.18220978971014776	-0.559	0.936	0.86	0.361
RBPJ	0.23286664043074357	0.18382774635425775	-0.226	0.089	0.948	0.943
TET2	0.199313706269856	0.18457914236072032	-0.677	-0.962	0.828	0.398
ACAP2	0.2730563556030393	0.18527415747390413	0.596	-0.53	0.82	0.553
ARHGEF1	0.20860774963078169	0.19008715396806164	1.691	1.062	0.495	0.469
BOD1L1	0.20699538478712132	0.19896597285214265	0.091	-0.151	0.974	0.879
KRT10	-0.1839223113088453	0.20312798644682037	-0.623	0.591	0.871	0.601
GSTO1	0.2193016386143367	0.21276646955829395	-0.949	0.394	0.618	0.735
CEP57	0.24766964132406388	0.2197291236435712	-0.681	-0.452	0.731	0.718
OSBPL8	0.23340812640548037	0.221740556773622	0.257	-0.389	0.944	0.678
REST	0.23265231404306921	0.2227384893425211	-0.104	0.521	0.978	0.6
SPAG9	0.233844509981616	0.2241626172362913	0.156	-0.51	0.958	0.604
RNF169	0.22830038659607457	0.22471021290045864	-0.855	-0.659	0.895	0.726
CD2	-0.2177954896389762	0.2265885648971578	-0.921	0.478	0.656	0.667
UBA6	0.1961218093937291	0.23607818291452337	-0.449	-0.645	0.892	0.57
SMC4	0.23199356360110104	0.23734466806820229	0.468	0.753	0.904	0.477
PHB2	0.2232374818264895	0.2393713236856354	0.203	0.571	0.96	0.67
BNIP3	-0.14801757263261128	0.24440943141398624	-0.511	0.406	0.887	0.787
DHX32	0.18254708995539337	0.2484945774603195	0.997	-0.219	0.805	0.902
NUP98	0.24963148251056	0.2498367574334908	0.452	0.147	0.891	0.912
ZNF580	0.18599774411710873	0.25110578225060415	-0.683	0.634	0.88	0.727
CD82	0.25953630433624253	0.27556822382792795	0.85	1.378	0.828	0.276
SRSF8	0.23541266052457832	0.2781404284673271	0.838	0.588	0.797	0.571
FMNL1	0.24710785621324216	0.2784450925850403	0.823	1.244	0.808	0.297
MIAT	0.2386998817640137	0.27951285814086585	0.242	-0.596	0.942	0.549
NINJ2	0.16145087503457	0.2815812947751973	-0.106	0.415	0.979	0.782
ATP6V0B	0.18007401635061515	0.2844945004800434	-0.706	0.581	0.829	0.628
PSME1	-0.1476788361016248	0.28465299973415736	0.008	1.021	0.998	0.323
HSPA5	-0.14859659112659185	0.2883061592519849	0.62	1.169	0.795	0.269
ADAT2	0.15067884649577715	0.2907840301178012	-0.224	-2.165	0.966	0.096
GTF2A1	0.21555531463794805	0.29700998398407075	1.228	-0.578	0.736	0.604
CCR6	-0.2146966003891838	0.29750830736827577	-0.303	0.185	0.915	0.874
LRBA	0.2097283048620545	0.3016967665769949	-0.319	-0.371	0.938	0.771
UBN1	0.23677820196352029	0.30563434884193125	1.273	0.042	0.717	0.979
PSMA3-AS1	0.2237240166878014	0.30823590239219567	-0.304	-1.182	0.934	0.243
SERINC3	0.2497964352531632	0.3191382105167345	0.136	0.583	0.965	0.604
IFNG	0.1598997222615637	0.3471729363693754	0.107	-1.041	0.984	0.487
C4orf48	-0.19652510926465117	0.3479326821732624	-2.636	-0.591	0.473	0.78
SNX6	0.20245827967791752	0.3502617981608836	-1.284	-0.586	0.499	0.637
MBD2	0.25049010225116786	0.35498269846808506	0.509	0.465	0.785	0.6
CD74	0.27890807777864746	0.35692895242574385	-1.316	0.849	0.585	0.497
KLF9	0.19490785542025885	0.3590948870790149	0.436	-0.941	0.926	0.568
PPM1G	0.21484292497977983	0.3659284633556542	1.109	0.962	0.745	0.423
VAT1	-0.15550579576621182	0.3661897036382678	2.65	1.125	0.395	0.381
IFI16	0.2061863544844944	0.3691861064289042	-0.045	-0.315	0.991	0.801
TSPAN5	0.16276183586251178	0.3728770215980699	0.742	-0.315	0.892	0.834
PPP1CA	0.2073520266084239	0.3757099774367757	-1.154	0.893	0.77	0.536
TNFAIP3	0.23839418947391833	0.3848496504589858	0.698	0.194	0.786	0.854
NAMPT	0.3738606008155183	0.3852301651957263	-0.049	-0.11	0.991	0.928
ATXN10	0.22846498859412756	0.39504422466322153	-0.53	0.351	0.867	0.763
EIF1AX	-0.20257561854576056	0.4044810117982232	-0.414	-0.568	0.88	0.576
ATXN1	0.25029109947651884	0.42193382785069655	-0.676	-0.37	0.778	0.729
SARS	-0.19681189358419585	0.42366733952747343	-0.172	1.376	0.96	0.153
CD84	0.1955894213674956	0.4394552947444953	0.315	0.412	0.934	0.713
PDCD6	0.19387969326126875	0.44948146122829374	-0.396	0.449	0.894	0.692
ATP1B3	0.19506340092097776	0.4760992767384329	-0.583	0.749	0.803	0.468
SYTL2	0.28619268348738136	0.4787798618553694	0.291	-0.39	0.945	0.69
TIMP1	0.3223949617097952	0.4831925348429363	-1.09	1.671	0.716	0.129
PREPL	-0.14338483449712247	0.48517442677296063	-0.13	0.314	0.977	0.82
RHBDF2	0.205985463797126	0.49204238751213447	1.23	0.493	0.73	0.751
ZDHHC14	0.1840478743166994	0.4944520343709648	0.643	-3.059	0.862	0.077
SLC16A3	0.18990214600970412	0.5026158942036952	0.329	-1.016	0.962	0.564
NFIL3	0.24390518564687969	0.511540671930462	-0.417	0.208	0.934	0.926
ZNF281	0.2128944295715437	0.5115755247816351	0.98	-0.145	0.659	0.924
GAS2L1	0.18977368731622848	0.5296365063366368	1.485	1.124	0.769	0.484
IFNGR1	-0.14631522125734697	0.5334311170107265	-0.99	0.005	0.6	0.997
PITHD1	-0.1857976003481634	0.5616103477612846	0.038	0.783	0.993	0.486
RSBN1L	0.22391028357367215	0.5751040359115189	-0.07	0.137	0.982	0.92
TRBC1	0.2528764245787767	0.5757117632436592	-0.102	1.21	0.973	0.29
ZDHHC24	0.166998863591618	0.5781113066864431	0.894	0.206	0.777	0.906
CD3E	0.1665311457622103	0.5789290509620166	-0.615	0.888	0.766	0.49
KIF5B	0.2677910969039965	0.5902429698300963	0.426	-0.198	0.871	0.851
SYNE3	0.14761516059096427	0.6096051758941312	1.578	-2.392	0.461	0.123
AC010642.2	-0.14126579414916984	0.6105371430491985	NA	-4.859	NA	0.087
PTRHD1	0.2362621414382659	0.6235155860655488	-0.693	0.179	0.86	0.898
TIPARP	0.22719676589672064	0.6239630527779096	0.745	0.635	0.807	0.48
ARF6	-0.18708480900697477	0.6270926558172932	0.637	-0.176	0.764	0.901
RAB9A	0.23917018866864023	0.6397470751014199	-1.66	-0.977	0.395	0.503
APLP2	0.27810033669543244	0.6478937620574091	0.594	0.298	0.864	0.8
COX7C	-0.14027908545487122	0.648741186729661	-0.755	0.606	0.74	0.551
RHOC	-0.1890657658478394	0.6492034404667193	0.184	0.741	0.952	0.49
SH3KBP1	0.2171151539232754	0.6526497336385119	-0.145	0.275	0.965	0.777
R3HDM2	0.20301819527968223	0.6568144595814417	0.083	-1.167	0.984	0.34
APOLD1	-0.14956180596735813	0.6759099118838284	-0.971	-1.648	0.744	0.154
EIF2AK4	0.19351793405755616	0.6812105966403703	1.245	-0.911	0.625	0.344
ZMYM2	0.20193245930053105	0.6882990822028541	0.092	-0.666	0.983	0.575
TSC22D4	0.17736568809633158	0.718222256826518	0.692	1.322	0.879	0.331
KMT2B	0.2072464702772741	0.7299892496805943	1.447	-0.177	0.726	0.921
PSMB8	0.22390522165818696	0.7413527100841254	-1.216	0.874	0.602	0.402
C1orf122	0.2326076887739792	0.7555007472598114	-1.167	0.555	0.774	0.714
AP3D1	0.19491537572474732	0.76349119766563045	1.959	1.283	0.556	0.379
GRAMD1A	0.2603875954156927	0.7916678703965301	0.967	1.48	0.786	0.324
SLC3A2	-0.24666569677562755	0.7922126492524821	0.843	1.676	0.837	0.196
PIGX	0.22184335321653137	0.7951611958701571	-1.705	-1.146	0.649	0.384
BORCS7	0.22630164391196272	0.8081364093800711	-0.262	-0.143	0.938	0.893
AREG	0.3875131655672784	0.8130793563321345	-2.816	0.466	0.45	0.77
EIF4G3	0.1955929060951042	0.8382888552815337	0.878	-1.469	0.737	0.154
IQGAP1	0.20730382845386752	0.8700136442280971	0.345	0.242	0.887	0.823
ZC3HAV1	0.21013017388109312	0.8875466507222104	0.311	-0.321	0.921	0.736
CSTB	-0.1460432486156682	0.8956473104308562	-1.047	0.827	0.647	0.448
GGA1	0.19607305248448745	0.906523966639703	0.262	-0.337	0.945	0.801
GALK2	0.21262820134820656	0.9223250753958642	-0.693	-0.566	0.864	0.725
CKS1B	-0.14563749190948083	0.924354491677384	-1.218	0.117	0.67	0.919
IVD	0.15758436988459268	0.9581465205788572	0.944	0.444	0.736	0.779
TOMM20	0.18671069103496807	0.9593793631216272	-0.142	-0.216	0.957	0.865
ACTN4	0.2316806865799053	0.9612994298100684	1.31	0.25	0.692	0.878
SLC7A5	0.19171826814900156	0.9706193502802138	1.438	1.334	0.66	0.28
GTF2H5	0.23503491872077176	0.9803738297122508	-1.229	-0.205	0.702	0.862
COX7A2	-0.15448697452543447	0.9818720390417174	-0.664	0.753	0.791	0.462
LDB1	0.18371776305887524	0.990390676190606	0.754	0.416	0.788	0.806
CPPED1	0.16104828362125648	0.9949777645954908	-0.928	-0.043	0.836	0.984
PPP1R15A	0.22774136855027735	0.9989802535833116	3.025	1.772	0.395	0.298
DOCK2	0.20201992560276116	1	0.971	-0.169	0.633	0.901
CALR	-0.2175380006429388	1	1.999	1.385	0.476	0.269
CCNDBP1	0.19391805588904387	1	-0.68	-0.232	0.759	0.849
STAT5B	0.25136698759956955	1	0.875	0.902	0.825	0.26
YY1	0.16371051988152363	1	-0.011	0.234	0.998	0.803
TAP1	0.24286326707759587	1	1.423	1.1	0.648	0.456
UBE3C	0.2042199155770595	1	0.403	0.003	0.92	0.998
CENPF	0.19914706376463792	1	-0.327	-1.311	0.952	0.335
MNAT1	0.1896127155940437	1	-0.993	-0.826	0.675	0.492
MIR3142HG	0.16174774932759697	1	-0.731	-2.021	0.876	0.156
DGKZ	0.22747855429675423	1	1.786	-0.245	0.468	0.883
CEP152	0.23387296251326972	1	-0.901	-1.865	0.812	0.19
NME7	-0.16632332427015367	1	0.374	0.424	0.918	0.744
TGOLN2	0.1973608721832376	1	1.324	0.658	0.418	0.499
EIF3A	0.22958931224749568	1	0.25	0.386	0.939	0.72
METTL9	-0.15571081745747883	1	-0.698	0.605	0.774	0.516
NARF	0.2153213145399091	1	-0.832	0.382	0.811	0.758
KLF2	0.3066560591394739	1	0.375	0.853	0.942	0.514
ARL6IP4	0.18360102189532324	1	0.786	-2.048	0.918	0.532
NHP2	-0.17814780855096524	1	-0.058	1.249	0.991	0.335
CCDC6	0.19956149572843712	1	0.621	-0.853	0.841	0.508
SRSF10	0.2199294447236666	1	-0.434	-0.317	0.841	0.745
SLC35E1	0.20912317025976285	1	-0.547	-0.23	0.871	0.893
RAB2A	0.20869090235806476	1	-1.098	0.078	0.617	0.94
GPRIN3	0.23581635688628969	1	-0.228	-0.078	0.957	0.959
SNRPA1	-0.1425244540558107	1	-1.457	-0.315	0.452	0.793
PTK2B	0.16346394814488666	1	-0.176	-0.679	0.968	0.598
GPAT4	0.17328722086201775	1	1.257	0.935	0.623	0.437
HBS1L	0.21005231003000097	1	0.305	0.1	0.942	0.939
CEBPA	0.14551300507140288	1	1.105	-1.138	0.836	0.57
HTATIP2	0.2443913704403462	1	-0.227	0.465	0.95	0.652
PTPRA	0.2515804058953912	1	0.364	-0.205	0.902	0.892
AMD1	-0.17227039627874052	1	0.639	0.321	0.81	0.797
EGLN3	-0.2384299785506492	1	2.596	1.342	0.277	0.503
PPP1CC	0.21390384651817415	1	0.056	-0.03	0.987	0.979
KLF13	0.23851990305894	1	0.44	0.943	0.867	0.373
CLN8	0.1646984241189913	1	0.623	1.088	0.871	0.508
SF3B5	0.19779186683422845	1	-0.515	1.096	0.843	0.259
ANAPC16	0.1748980567011169	1	-1.478	0.526	0.481	0.579
CD63	0.2164568255892183	1	-0.05	1.83	0.987	0.105
CCNL1	0.200797115497222	1	-0.018	0.095	0.997	0.929
CD28	0.2122445792674318	1	0.083	0.945	0.981	0.304
ACP5	0.16598766051247937	1	-0.32	0.298	0.963	0.892
NAA38	-0.19786496455081928	1	-1.139	0.618	0.692	0.6
LRCH3	0.17946832373589122	1	-0.122	-0.162	0.973	0.862
SUGP2	0.1930610579913467	1	0.832	-0.139	0.745	0.907
PREX1	0.1669537463643509	1	1.094	0.31	0.619	0.816
NOC2L	0.15391121487515377	1	2.405	0.829	0.477	0.55
FNBP1	0.16794704378388126	1	0.723	0.139	0.649	0.892
PNN	0.18298066642211652	1	-0.499	-0.29	0.848	0.8
LARP7	0.21465919348407292	1	-0.057	0.145	0.989	0.904
TYMP	0.1992450937179231	1	2.04	2.116	0.436	0.089
STK17B	0.16765901528574378	1	-0.27	0.318	0.901	0.769
PDIA3	-0.14809817130710368	1	0.485	0.837	0.894	0.446
IL6ST	0.3505494693390063	1	0.499	-0.11	0.908	0.932
EDF1	0.15361313862931292	1	-0.224	1.234	0.948	0.279
ROCK1	0.2245307209078351	1	0.238	-0.273	0.931	0.795
NONO	0.1929518684795657	1	-0.048	1.073	0.987	0.211
SMIM7	0.20112123348105404	1	-0.373	0.495	0.895	0.609
SRSF3	-0.1596291717907039	1	-0.322	0.645	0.899	0.531
PAIP2	-0.1519467380087518	1	-0.721	0.045	0.689	0.97
MAN1A1	0.1478916996590963	1	1.094	-0.196	0.838	0.92
CYB5A	-0.148729953583152	1	-1.158	-0.029	0.583	0.979
B4GALT1	0.19494522548889315	1	0.841	-1.517	0.711	0.209
RASAL3	0.23496273187803907	1	2.225	1.372	0.387	0.284
TOX4	0.193031266924644	1	0.078	0.235	0.986	0.806
HLTF	0.20820622604645955	1	0.148	-0.705	0.969	0.554
MT-ND6	-0.20239786423284525	1	-0.849	-1.08	0.752	0.258
GTF3C1	0.19119257946870497	1	0.429	-0.661	0.903	0.68
NEMF	0.1886249873709528	1	0.164	-0.266	0.951	0.795
LSM5	-0.16545083328941423	1	0.8	-0.081	0.828	0.948
MPHOSPH8	0.21844310096861852	1	-0.879	-0.146	0.725	0.891
YIPF4	0.18421668562687896	1	-0.056	0.277	0.99	0.796
FOXN2	0.2088997184885591	1	0.623	-0.865	0.831	0.407
CCDC85B	0.21178605674100237	1	1.021	1.728	0.856	0.31
FUBP1	-0.17467714986101768	1	0.09	-0.309	0.985	0.808
TYW3	0.1887603459191557	1	-0.036	-0.26	0.993	0.865
RASSF5	0.22431059810049292	1	1.087	0.911	0.534	0.528
FDFT1	-0.1833295794205183	1	-0.285	0.661	0.909	0.519
UBE2R2	0.19819709658747797	1	1.227	-0.118	0.731	0.933
CSNK1D	0.22221749030632187	1	0.114	1.18	0.984	0.289
SYPL1	-0.1575871050573946	1	0.026	-0.03	0.996	0.982
RBM39	0.16254873303938178	1	0.027	0.106	0.99	0.908
MTIF2	0.1419161922404319	1	0.102	0.303	0.982	0.852
ARRB2	0.2020440866048161	1	-0.292	0.741	0.927	0.442
ATG2A	0.16986745210481205	1	0.8	-0.06	0.829	0.971
TUBA1A	-0.185651171554307	1	0.536	1.274	0.844	0.302
DSTN	-0.14987913319779	1	-0.745	0.232	0.774	0.83
NDUFS4	0.17668090464818165	1	-0.128	0.695	0.972	0.481
EIF2AK1	0.2338571281522991	1	0.341	0.666	0.929	0.515
RBBP6	0.1976279741213175	1	0.021	-0.06	0.996	0.957
HMOX1	0.22141025041027615	1	1.385	1.825	0.747	0.385
CARHSP1	0.22765935688234773	1	-0.446	-0.771	0.903	0.5
GDE1	0.24975767916873048	1	-0.057	0.55	0.987	0.629
TTC39C	-0.1772283850406884	1	-0.289	0.545	0.91	0.531
GLO1	-0.19752599277795935	1	-0.907	0.864	0.727	0.429
KIF13B	0.17685221440668272	1	-0.924	0.332	0.82	0.795
TSPYL4	0.14154418998415222	1	1.044	0.116	0.556	0.943
HMGXB4	0.2171401968181969	1	0.688	-0.564	0.815	0.689
PRKCH	0.187347620455238	1	0.437	0.475	0.815	0.6
C6orf89	0.19102357924340996	1	0.361	0.367	0.884	0.793
EHMT1	0.18357675475293356	1	0.259	-0.695	0.945	0.619
ATP6V0E1	0.16524323226887727	1	-0.374	0.742	0.853	0.457
GALM	0.21968146170655145	1	-1.011	0.324	0.625	0.773
C21orf91	-0.15101686438236778	1	0.008	-0.48	0.999	0.707
EP300	0.198655566445061	1	0.778	-0.297	0.684	0.813
RUNX2	0.1965523016709838	1	0.213	-0.81	0.962	0.492
MVB12B	0.14787744783588258	1	0.965	-0.468	0.82	0.789
LYRM2	0.18574683864634375	1	0.518	-0.328	0.876	0.757
ABCD4	0.16715815607796203	1	1.41	0.593	0.606	0.653
ARNTL	0.201123185703428	1	-0.053	-0.104	0.988	0.938
RFFL	0.19243626230070904	1	0.893	-0.911	0.731	0.515
PTPN1	0.2135555758351209	1	-0.113	0.69	0.974	0.553
MED15	0.16702816947979093	1	1.778	0.705	0.534	0.624
ANP32E	0.2145344553589472	1	-0.715	-0.322	0.766	0.811
GMCL1	0.2174346788346453	1	-0.337	-0.825	0.926	0.527
TRAF3	0.1699425401159394	1	0.146	-0.648	0.974	0.648
TIMMDC1	0.20824672846753445	1	-1.081	0.269	0.486	0.829
CCDC25	0.21601173947270524	1	-0.288	1.539	0.923	0.169
TMA16	0.2189080906141852	1	-1.505	-0.455	0.389	0.666
RB1CC1	0.2213048753716641	1	0.469	-0.516	0.867	0.624
CRELD2	0.2113452854741169	1	-0.708	1.755	0.879	0.168
UBB	0.18074648297512397	1	-0.701	1.012	0.598	0.353
DESI2	0.1809670665758372	1	1.446	1.054	0.718	0.386
CREBRF	0.2201507503769544	1	0.035	-0.309	0.994	0.79
SND1	0.16357924265690166	1	1.448	0.826	0.595	0.492
PPP1R2	0.1979883716619386	1	-0.147	0.061	0.946	0.957
APP	-0.13951467181781657	1	1.56	-1.013	0.598	0.542
DNAAF2	0.13930192533399602	1	-1.626	-0.463	0.596	0.728
VMA21	0.19580480170040224	1	-0.588	-0.096	0.857	0.946
HLF	0.2780786385362508	1	1.418	-0.368	0.635	0.811
FKBP2	-0.18599292293302772	1	-0.574	1.333	0.861	0.233
STIM1	0.17265555252615955	1	1.143	-0.591	0.687	0.627
INSIG1	0.16447822981260862	1	-0.541	-0.005	0.872	0.998
MDM2	0.20780168247663575	1	-0.475	-1.062	0.863	0.277
PRPF38B	0.16233625166049914	1	-0.042	0.32	0.99	0.762
MX2	-0.19424097554202668	1	0.8	-0.198	0.743	0.89
APH1B	0.15974909222899256	1	-1.352	-0.313	0.484	0.782
RAP1B	0.14914266461567882	1	-1.308	-0.82	0.451	0.353
SNRPF	-0.15323716998461356	1	-0.185	0.639	0.956	0.53
MRPL52	-0.1639685177178878	1	-1.659	0.996	0.511	0.352
PSENEN	-0.16221574349218437	1	-0.644	1.343	0.706	0.168
H2AFJ	0.1597618326399493	1	-0.406	1.07	0.907	0.289
SRGAP2C	0.19279969267264607	1	-0.097	-0.242	0.984	0.879
CCDC34	0.168835871507884	1	-1.143	-0.412	0.739	0.806
AK3	0.1705969611474405	1	0.616	-0.445	0.889	0.743
LSM4	-0.16745066128223562	1	0.327	1.135	0.93	0.452
SUMO3	0.2329040144554202	1	-0.273	0.468	0.947	0.726
ZNF831	0.21674451606059583	1	-0.291	-0.487	0.951	0.61
EPB41L4A-AS1	0.1856211797165924	1	-0.654	-0.772	0.819	0.542
NAP1L1	0.14776441028851828	1	-0.459	-0.461	0.88	0.637
CSNK1A1	0.2013194991583105	1	-0.485	-0.312	0.844	0.767
RNF7	0.19378676646422077	1	-1.943	0.591	0.399	0.575
CNBP	0.18751703790035568	1	-0.457	0.79	0.837	0.465
ACBD6	0.1676389664719921	1	0.512	0.026	0.853	0.988
SRGAP2	0.1835571399059101	1	-0.295	-1.447	0.936	0.259
ZNF292	0.18407800909551764	1	-0.092	-0.236	0.98	0.854
ARFGAP2	0.19680164804108008	1	1.639	1.452	0.513	0.162
GATA3	0.21079053239471157	1	1.197	0.47	0.424	0.686
USP48	0.14605686123229578	1	0.093	-0.679	0.976	0.557
ZNF451	0.20383189309779248	1	-0.613	-0.369	0.839	0.714
SAMHD1	0.2063755373743159	1	0.628	-1.016	0.828	0.263
MZT2A	0.1664088552339844	1	-0.886	0.434	0.815	0.753
DPP4	-0.15702137309143377	1	-0.579	0.212	0.873	0.879
ARPC5	0.1665483315210463	1	-0.777	0.2	0.733	0.874
ATP2A2	0.17019263574944477	1	-0.025	-1.114	0.995	0.485
GTF2I	0.1871009911540742	1	1.333	-0.411	0.557	0.73
ITGA2	0.14207507765040528	1	-0.854	-2.419	0.861	0.092
LRRFIP2	0.1646640391150449	1	0.27	0.221	0.926	0.823
CD200R1	0.19329129543868007	1	-0.957	0.106	0.714	0.947
ALOX5AP	0.1955161223817763	1	-0.789	1.106	0.772	0.296
GLG1	0.17741796760263584	1	1.004	0.157	0.502	0.882
CUL5	0.1610793053603909	1	-0.428	-0.755	0.865	0.552
SEMA4D	0.19052144757245781	1	-0.04	-0.06	0.991	0.958
FAM120A	0.1792252981375173	1	-0.246	-1.244	0.951	0.277
PSIP1	0.19293926615690984	1	0.465	-0.401	0.817	0.755
MRPL33	-0.16211212461958668	1	0.715	0.798	0.821	0.448
TRIP11	0.17934095759017943	1	-0.331	-0.716	0.896	0.513
CNBD2	0.15423863995269504	1	-0.986	-4.664	0.883	0.03
VPS4B	0.1751449079170471	1	0.407	0.729	0.838	0.442
DTNBP1	0.16394853675173549	1	-0.124	-0.333	0.979	0.823
LPP	0.15039773974327822	1	0.46	-1.681	0.911	0.207
COX17	-0.1519668756031225	1	-1.027	0.754	0.697	0.52
PLEKHA3	0.2331719112339684	1	0.426	-2.508	0.902	0.044
CHCHD10	-0.16017751619551213	1	-1.636	0.658	0.626	0.746
POLD3	0.18400423645260097	1	-0.081	-0.896	0.987	0.476
NME3	0.19188610660540417	1	-0.449	1.342	0.933	0.353
SUDS3	0.2054685935341377	1	0.193	-0.786	0.953	0.569
BAZ1B	0.19079916495985985	1	0.067	0.395	0.984	0.7
ZFP36L1	-0.14139929284311847	1	-0.085	0.507	0.98	0.562
SQSTM1	0.1986107748580519	1	1.491	2.005	0.689	0.134
ARHGEF7	0.17583614153757723	1	0.823	-0.448	0.723	0.723
PRPF6	0.2813811417240052	1	0.695	1.181	0.866	0.328
ZBTB1	0.1936488389993194	1	0.37	0.397	0.892	0.726
CTSC	0.258704590524936	1	-0.767	0.318	0.785	0.777
IFI6	-0.2908805602613027	1	1.157	1.148	0.776	0.436
EIF5B	-0.14388938745755975	1	-0.798	0.066	0.696	0.95
ZC3H12D	0.1731992919555071	1	0.455	-0.472	0.862	0.661
YPEL3	0.15966168987129703	1	-1.258	0.563	0.652	0.67
ATF6B	0.19824957380861835	1	0.151	-0.048	0.977	0.974
CELF1	0.21324391459257452	1	1.53	0.158	0.418	0.864
CHST7	0.1587235175557822	1	-0.039	0.64	0.995	0.633
XRN2	0.19185696410522543	1	0.363	0.596	0.89	0.497
FAM53B	0.1518660885429588	1	-0.541	-0.638	0.899	0.705
NR3C1	0.16805442792554315	1	0.454	0.464	0.868	0.683
SAFB	0.15253999655882056	1	1.217	0.835	0.688	0.58
DCP2	0.16866121103603748	1	-1.051	-0.87	0.543	0.364
TOMM5	-0.19645422191464212	1	-0.761	-2.075	0.869	0.113
ARMCX3	0.1908755609108216	1	0.439	0.491	0.918	0.716
CMIP	0.20740914404088673	1	-0.369	-1.401	0.919	0.356
HSBP1	0.15422689388801714	1	-0.835	-0.079	0.776	0.946
CPD	0.15607540345608084	1	-0.503	-0.488	0.876	0.739
CXCL8	0.1969266366119644	1	-1.579	0.916	0.821	0.695
SMC2	0.16997889935943022	1	0.255	-0.833	0.96	0.501
BRI3	0.21396225507117064	1	-0.886	0.162	0.743	0.915
MTDH	0.18195722241213663	1	0.92	0.568	0.557	0.544
GCHFR	0.28551574794031653	1	-2.857	0.572	0.389	0.68
CUL3	0.20029564770774133	1	0.283	0.124	0.943	0.919
SRP54	0.16459045659624294	1	-0.405	0.414	0.909	0.697
ZNF207	0.17414065341844265	1	-0.122	0.113	0.97	0.918
USP8	0.1911501559175981	1	-0.246	-0.51	0.937	0.567
FGD5-AS1	0.1797791801316837	1	0.44	0.266	0.864	0.821
PPP4R2	0.18549103425596647	1	0.049	-0.306	0.99	0.806
WDR59	0.18159910273622024	1	0.667	0.136	0.786	0.903
MRPS35	0.1835092922398384	1	0.217	0.765	0.951	0.491
KANSL1	0.19653271504067815	1	0.859	-1.31	0.688	0.231
MARCH7	0.1976808219817826	1	0.213	-0.573	0.965	0.628
E2F3	0.14539966206387764	1	-0.829	-1.951	0.763	0.198
SRPK2	0.1797793105340989	1	0.22	-0.034	0.938	0.979
SH3BGRL	0.18520158059813377	1	-0.362	-0.212	0.898	0.875
GLUL	0.21782815491275476	1	0.95	2.081	0.698	0.076
PRRC2B	0.22250039010191125	1	1.732	-1.059	0.431	0.514
MFHAS1	0.20205827144181132	1	0.073	0.154	0.986	0.905
SNHG8	-0.17775598828388595	1	-0.578	0.388	0.824	0.75
MFAP1	0.16641187586915318	1	0.108	0.453	0.975	0.718
IL22	0.1868450268315177	1	-3.72	0.364	0.419	0.898
FKBP11	0.203446560270534	1	-0.854	-0.111	0.774	0.931
CD37	0.17627211783005414	1	-0.803	1.115	0.843	0.353
ANAPC5	0.14409030776818663	1	0.383	0.456	0.894	0.642
TLN1	0.14608932164127977	1	0.863	1.102	0.794	0.268
MICAL2	0.15173168738861875	1	-0.923	-0.981	0.764	0.579
ZNF106	0.1967188606653817	1	0.266	-0.113	0.921	0.93
WSB1	0.19321572415363897	1	-0.327	0.372	0.906	0.68
UROS	0.16378198586788387	1	-0.538	1.07	0.892	0.455
STOML2	0.19086963925601977	1	0.474	1.164	0.882	0.381
PMF1	0.15754956626877037	1	-1.049	1.29	0.737	0.256
ANKLE2	0.1812370113428522	1	0.585	0.731	0.879	0.532
UBE2J1	0.1889901485255323	1	-0.85	-0.048	0.766	0.972
RPS19BP1	0.16428278670674443	1	-1.6	1.562	0.658	0.231
APBB1IP	0.16844353358265285	1	-0.327	0.465	0.898	0.681
MRPS34	0.16658882623982607	1	-0.774	1.588	0.878	0.328
NFKBIA	0.26643079498540767	1	-0.988	0.367	0.688	0.756
ATP6V1C1	0.1409592066937825	1	0.981	-0.455	0.796	0.667
CCSER2	0.19516546318415595	1	-0.037	-0.169	0.992	0.899
ARHGEF12	0.17174056384592828	1	0.447	-2.042	0.911	0.099
STX8	0.16842645553003	1	0.004	0.675	0.999	0.53
CD8B	-0.29254359087060955	1	-0.889	-2.953	0.807	0.107
SUPT16H	0.17331570814341957	1	0.209	0.317	0.929	0.751
FABP5	0.2592639983924896	1	-0.965	-1.166	0.647	0.284
STX16	0.16636552138445104	1	0.273	-0.475	0.945	0.569
ANKRD17	0.15028728188787627	1	-0.069	-0.286	0.987	0.824
ZNF581	0.1536297675603196	1	-0.98	1.095	0.775	0.471
ARHGEF6	0.19360933706046737	1	0.416	-0.217	0.912	0.883
CSDE1	0.18709391857897997	1	0.383	0.456	0.871	0.697
TMEM14C	0.21389231025220112	1	-1.404	0.675	0.428	0.529
HNRNPA3	-0.15711270513829767	1	0.032	0.212	0.995	0.849
AGFG2	0.15109734191520707	1	2.603	-0.923	0.481	0.623
MIR4435-2HG	0.2350106831566384	1	-0.333	-0.292	0.951	0.761
INTS8	0.14717209199059428	1	-0.004	-0.548	0.999	0.558
TMEM123	0.22760784250767996	1	0.398	0.242	0.886	0.818
UBE2D3	0.1646638044067874	1	-1.248	-0.064	0.487	0.953
LARP1	0.15937193099394942	1	0.268	-0.73	0.938	0.468
EIF4G2	0.1717944721633411	1	0.56	0.859	0.797	0.441
MACF1	0.2016936264584955	1	-0.283	-1.038	0.92	0.29
UBE2Z	0.1814777164547251	1	-0.067	0.615	0.988	0.484
FAM204A	0.15118474633882395	1	0.285	0.007	0.933	0.995
MDH2	0.18361689593494812	1	0.405	0.93	0.91	0.464
MRPL44	0.15634639489491908	1	-0.191	1.043	0.968	0.378
PRDX6	0.1939259890589744	1	-1.104	1.095	0.474	0.266
TRMT112	-0.15627373318831905	1	-0.611	1.066	0.786	0.288
B3GALT2	-0.19036148186173416	1	0.201	0.165	0.972	0.916
OTUD5	0.15245842444976349	1	1.827	0.914	0.492	0.525
SRPK1	0.1398313193522409	1	-0.296	0.02	0.928	0.987
C8orf82	0.16876091630631346	1	1.615	-0.109	0.763	0.956
ZNF326	0.1656051019825821	1	-0.426	-0.061	0.89	0.953
TMEM173	0.2126999431675467	1	-0.052	1.257	0.991	0.269
LRRN3	0.2609587046155536	1	-0.676	0.141	0.872	0.944
ELMOD3	0.13837694532836045	1	0.738	0.483	0.821	0.761
ANKRD10	0.18578974110556873	1	0.395	0.243	0.919	0.815
RALBP1	0.1920032470203592	1	-0.143	0.506	0.977	0.682
CDK6	0.14525266210179427	1	-0.969	-0.43	0.776	0.775
TARSL2	0.20786754520002565	1	-0.436	-0.81	0.859	0.451
PYCARD	0.20581676209822997	1	-1.078	1.701	0.788	0.309
MRPS21	0.15396522137649393	1	-0.938	0.431	0.725	0.631
SF3B1	0.16438144835093849	1	-0	-0.184	1	0.885
SUZ12	0.19086074728037497	1	-0.252	-0.83	0.945	0.513
OPA1	0.15327792420951408	1	0.591	-0.735	0.864	0.48
RAPGEF1	0.20496566901039537	1	0.306	-0.091	0.941	0.956
SYNGAP1	0.1401467867767783	1	-1.549	-2.066	0.523	0.141
ORAI2	0.18379736005256375	1	1.419	0.454	0.577	0.765
WAPL	0.18316428839013188	1	0.453	-0.205	0.899	0.879
CUTA	0.1932634711788641	1	-0.455	0.874	0.88	0.439
ZNF688	0.186484504479348	1	-1.483	0.52	0.702	0.776
CDIPT	0.14111147336288665	1	2.434	1.538	0.45	0.283
HMGXB3	0.17968810188376777	1	-0.023	-0.817	0.997	0.582
SLFN5	0.1833165944530759	1	-0.147	-0.409	0.971	0.749
BDP1	0.15697386853110706	1	-0.323	-0.173	0.878	0.888
GABARAPL2	0.14639863464115677	1	-1.808	0.392	0.41	0.724
FAM173A	0.13855232476974866	1	0.497	1.511	0.938	0.427
NFU1	0.21559342743625376	1	-1.644	0.354	0.419	0.748
TMIGD2	0.25022891904330835	1	-1.476	-0.82	0.783	0.688
CPNE1	0.16440205102485683	1	0.906	0.879	0.771	0.442
NUDT21	0.1967056898283059	1	0.041	0.329	0.983	0.755
MAN2A2	0.16672583973612165	1	1.252	0.068	0.666	0.973
NFATC2IP	0.19568704038159512	1	0.608	0.689	0.844	0.483
SLC35D2	0.17564190184221945	1	-0.143	0.865	0.971	0.565
RNF149	0.19507807586579215	1	0.38	0.09	0.881	0.939
ZFC3H1	0.17020476277051844	1	0.215	-1.098	0.954	0.301
BBX	0.19068285973472332	1	0.247	0.278	0.928	0.766
C5orf24	0.1477392903868614	1	0.784	-1.453	0.819	0.156
HPS4	0.1434943573328292	1	1.076	-0.081	0.705	0.958
LPIN1	0.16556887723552915	1	0.184	-0.176	0.951	0.895
ZCCHC17	0.15622910859105443	1	-0.315	0.433	0.885	0.708
UBALD2	0.1891924978129972	1	-0.266	0.434	0.953	0.755
SMARCA5	0.1485251791247708	1	0.792	0.169	0.778	0.888
NCBP3	0.19657280822195644	1	-1.022	-0.396	0.661	0.711
PPFIA1	0.1404609122052768	1	0.312	-0.987	0.914	0.532
OGFRL1	0.16523057326981783	1	-1.171	-0.878	0.613	0.587
SP140L	0.19515516359226004	1	-0.864	0.223	0.666	0.84
PPP4C	0.17774573892350276	1	-0.809	1.261	0.858	0.416
ABHD17A	0.1552842603997464	1	1.775	1.991	0.613	0.206
KCNAB2	0.1856550611067883	1	1.37	0.372	0.598	0.788
GFER	0.1391352738044785	1	-0.793	0.397	0.881	0.834
KDM5A	0.16398204353205958	1	0.704	0.188	0.762	0.85
EIF1AY	-0.1375085551421793	1	-1.419	0.659	0.876	0.844
ZZEF1	0.2202642208934732	1	0.134	-1.015	0.976	0.365
CDC42EP3	-0.17920661604257893	1	0.577	0.863	0.836	0.332
SH2D1A	0.17123241935214106	1	-0.654	0.443	0.821	0.703
BSDC1	0.1498437785247893	1	0.871	0.594	0.774	0.57
OSTF1	0.17432676640241107	1	-1.592	0.834	0.418	0.45
BST2	0.2237062755084296	1	-0.558	1.107	0.868	0.368
UBE2L3	0.15007880583381072	1	0.048	0.94	0.986	0.298
COPE	0.160744195988217	1	-0.572	1.157	0.881	0.382
STMN1	-0.14376658499594508	1	-0.542	0.264	0.863	0.836
MAU2	0.1501327428508592	1	0.789	-0.807	0.826	0.561
NSF	0.17696142811823762	1	0.321	0.082	0.94	0.953
OGT	0.18572232148072576	1	0.267	-0.003	0.937	0.998
FRAT2	0.13786240713446068	1	1.598	0.997	0.505	0.546
PPP1R16B	0.17823479612028248	1	1.373	1.023	0.504	0.184
RAC1	0.1552340828655805	1	-0.448	0.349	0.882	0.693
CHST11	0.1918027891961981	1	0.843	0.937	0.585	0.545
GADD45A	0.14537191008787836	1	0.343	1.185	0.945	0.392
NHLRC3	0.15743302627604622	1	-1.025	0.219	0.608	0.874
C1orf43	0.1673705911530038	1	-0.197	0.415	0.955	0.681
SEC62	-0.1600666164801412	1	-0.541	0.527	0.878	0.637
NMB	0.4795345069364104	1	-0.522	1.877	0.922	0.223
LPAR6	-0.1397583345718556	1	0.748	-0.099	0.834	0.947
ANKRD49	-0.16861923281288427	1	0.153	0.503	0.969	0.692
ETFB	0.2097705696150245	1	0.542	0.71	0.88	0.595
PCM1	0.1563683064287118	1	0.158	0.209	0.946	0.854
SERPINB9	0.15810349889247094	1	0.213	-0.99	0.951	0.305
AKAP8L	0.1528439873113347	1	2.185	1.227	0.426	0.494
RARRES3	0.264001550928473	1	-1.566	1.387	0.546	0.204
CYTIP	0.2225415467778482	1	-0.893	0.06	0.584	0.965
YWHAQ	-0.15137559201363837	1	0.454	0.078	0.813	0.952
PTPN11	0.19806527850748	1	0.375	0.219	0.896	0.865
NCK2	0.16760172618769908	1	1.867	0.609	0.385	0.659
SOS2	0.16168788990247424	1	0.031	0.042	0.994	0.971
KCTD20	0.20480425480699735	1	0.446	-0.145	0.904	0.897
MAFG	0.17168159359055352	1	2.371	0.747	0.511	0.656
HSPB1	0.38455634470050926	1	-1.599	1.983	0.668	0.166
DAZAP2	0.14442643710252012	1	0.014	1.012	0.997	0.387
MAP7D1	0.16357392764454104	1	0.658	0.299	0.855	0.826
YIPF6	0.15911123682689926	1	-0.448	-0.433	0.847	0.65
BIRC6	0.1562857938519976	1	-0.329	-0.882	0.905	0.38
YTHDC1	0.16874627353255156	1	-0.042	-0.141	0.989	0.888
PAXBP1	0.17000867101144057	1	-0.071	-0.394	0.983	0.702
OXLD1	0.15578984769941912	1	-0.828	1.402	0.861	0.334
NT5C	0.1703996554843482	1	-0.772	1.063	0.888	0.531
SIPA1L1	0.17838270588786265	1	0.753	0.629	0.772	0.567
ANKRD44	0.15869252866974437	1	-0.434	-2.325	0.898	0.049
TRIM14	0.17321585592843913	1	0.421	0.151	0.928	0.903
PTGER4	-0.1380789252171687	1	1.71	0.791	0.378	0.453
UTRN	0.20345590393628257	1	-0.227	-0.527	0.951	0.7
PHF20L1	0.1464235253136794	1	0.109	0.009	0.974	0.995
UBR4	0.15031132548519976	1	0.604	-0.51	0.797	0.708
FTSJ3	0.1425010787127231	1	1.938	1.353	0.49	0.129
PAFAH1B1	0.1468563993927421	1	-1.658	0.598	0.418	0.565
ELF1	0.1945445569580988	1	-0.218	-0.097	0.942	0.943
TPRG1	0.18936899230757265	1	-0.014	0.099	0.998	0.937
PPM1B	0.1592018826828404	1	0.379	-0.594	0.872	0.65
ZMYM4	0.16354254237868954	1	-0.435	-0.081	0.903	0.955
STAU1	0.17234970911583491	1	0.801	0.065	0.648	0.947
BZW1	-0.14292384291907467	1	-0.141	0.086	0.97	0.952
VOPP1	0.15972469473718648	1	0.214	1.476	0.954	0.253
AFG3L2	0.17492589821542665	1	1.008	0.275	0.707	0.871
MAP2K2	0.17778588656873828	1	1.844	0.635	0.602	0.748
ITK	0.15903749369663722	1	0.89	0.37	0.736	0.713
TP53BP2	0.1551795725336676	1	1.381	0.341	0.588	0.783
TWF2	0.18421453790771256	1	-0.039	1.488	0.995	0.269
BRD1	0.17958944630501517	1	1.111	0.455	0.683	0.677
BAZ2A	0.16695637756204706	1	-1.072	0.222	0.752	0.867
SEPT2	0.18978840906482453	1	0.299	0.25	0.909	0.821
RCC2	0.16562681813255553	1	1.233	0.149	0.565	0.917
C8orf59	-0.18058730182722993	1	-0.271	0.565	0.925	0.605
EFR3A	0.15116658354964874	1	0.578	-0.488	0.899	0.69
TBC1D15	0.168657436664979	1	0.159	-0.172	0.965	0.9
GOLGB1	0.18184965037945755	1	-0.306	-0.095	0.923	0.934
NMRK1	0.17427654578251872	1	-0.123	-0.222	0.974	0.841
FBXW7	0.14005112564026373	1	0.697	-0.512	0.832	0.735
LAG3	0.308392373995418	1	-0.359	0.914	0.949	0.592
NKAP	0.14532320251140507	1	0.008	0.383	0.999	0.719
FNDC3A	0.1462587608310682	1	0.175	-0.805	0.968	0.542
PSMA1	0.13846048878303097	1	-0.166	-0.362	0.966	0.747
ANKRD36C	0.1712630746326006	1	0.478	0.117	0.872	0.934
TRAPPC10	0.16995911046870005	1	-0.036	-0.142	0.994	0.913
TMEM245	0.16084682868355404	1	0.873	-0.146	0.739	0.896
MDM4	0.201755186381267	1	0.3	-1.106	0.939	0.29
ADPGK	0.15600687552376302	1	1.639	0.929	0.44	0.45
CCR7	0.1446204982906696	1	0.773	-0.084	0.862	0.96
SPG7	0.1639575830418113	1	2.29	0.145	0.363	0.921
LAGE3	-0.1453730078563512	1	-0.908	0.86	0.861	0.595
YBEY	0.14086659260277995	1	-0.158	-0.495	0.969	0.646
CSGALNACT2	0.19776997355219827	1	0.026	0.643	0.996	0.537
NIN	0.18131259680790957	1	-0.249	-0.468	0.941	0.688
PLEKHF1	0.1683322410492959	1	1.622	1.526	0.752	0.337
MYLIP	0.14981880001248202	1	0.95	-0.359	0.748	0.747
CAB39	0.16518980330089916	1	0.6	0.791	0.838	0.44
SUPT3H	-0.16046082314388302	1	-0.36	-2.234	0.905	0.088
TMEM126B	-0.1392272120628384	1	0.124	0.079	0.976	0.956
STK11	0.13793012846689268	1	3.337	0.712	0.342	0.666
TDG	0.16477291886413992	1	0.42	0.728	0.888	0.505
RSL1D1	0.14188156383302442	1	-0.65	0.263	0.65	0.802
CPSF2	0.16823015509323463	1	0.724	0	0.778	1
SDHC	0.15152792677573368	1	-0.223	0.101	0.955	0.934
BRWD1	0.18183030056124697	1	-0.067	-0.953	0.986	0.339
MIEN1	0.17186337989883493	1	-1.708	1.002	0.429	0.393
GIMAP6	0.1838221229189985	1	1.028	1.539	0.764	0.172
PRPF4B	0.15683488893298492	1	0.064	-0.483	0.987	0.668
BLOC1S6	0.1843484817171156	1	0.407	0.211	0.91	0.879
SERPINB1	0.1649795022237971	1	0.44	-0.181	0.913	0.887
TBXAS1	0.1510087844212165	1	0.654	1.767	0.873	0.231
ATE1	0.14814985841897438	1	0.324	0.137	0.915	0.9
ZFAS1	0.13985360693811488	1	-1.771	0.079	0.558	0.952
C16orf87	0.15718069889974096	1	-1.082	-1.403	0.556	0.273
CD81	0.14625951454643493	1	0.036	0.671	0.995	0.604
PAG1	0.15759205457553316	1	1.412	-0.086	0.504	0.938
RILPL2	0.1543278479455129	1	0.458	0.937	0.87	0.444
SYT11	0.1494063100761836	1	-0.018	1.116	0.997	0.252
RIOK3	0.173179134322203	1	-1.094	0.025	0.624	0.986
PDHB	0.1557108478305088	1	-0.917	0.607	0.774	0.625
ACIN1	0.16884272836904524	1	0.669	0.283	0.819	0.764
USP9X	0.17081548514112982	1	0.694	-0.508	0.807	0.637
ADAM10	0.15958286555807888	1	0.004	-1.259	0.999	0.26
FAM214A	0.18081002037807403	1	-0.813	-1.325	0.815	0.188
NCOA4	0.1863210404506631	1	0.399	0.616	0.904	0.697
CALM3	0.16229908637135404	1	0.163	0.796	0.972	0.507
NOB1	0.17141467480511413	1	0.015	0.956	0.998	0.401
CLPX	0.1453038854346893	1	0.246	0.008	0.947	0.994
SMARCC1	0.16092744784059188	1	1.256	0.364	0.399	0.701
CARD8-AS1	0.14657925294363627	1	-0.351	0.049	0.945	0.979
ZBTB8OS	-0.16075068600535913	1	0.412	0.436	0.885	0.664
TBK1	0.14990144041615666	1	-1.61	-0.517	0.408	0.67
MICU1	0.1694656351192153	1	-0.596	-0.617	0.868	0.625
GATAD2B	0.15884637108269706	1	-0.274	0.596	0.919	0.633
CD164	0.16208904663848256	1	0.12	-0.229	0.977	0.844
SYF2	0.14394317866805115	1	-0.725	0.16	0.761	0.881
MPHOSPH9	0.1406593942766928	1	0.026	-1.918	0.996	0.143
JUND	-0.1444747796648027	1	0.873	1.894	0.791	0.126
RPAP2	0.1525768612322676	1	-0.311	-0.925	0.926	0.411
FAM207A	0.14321010976357978	1	-0.834	-0.043	0.848	0.983
ITPR2	0.16534301800898626	1	0.308	-0.785	0.938	0.513
CPNE3	0.1418338867282387	1	-0.149	0.425	0.966	0.714
ACADVL	0.1928999888272208	1	1.73	1.894	0.484	0.124
PSMD4	0.17189955911889654	1	0.393	1.409	0.889	0.183
GIMAP1	0.1879958920613828	1	-0.512	0.79	0.868	0.507
SRSF11	0.16263084335343336	1	0.18	-0.793	0.96	0.373
CAAP1	0.1700146701285074	1	-0.065	0.673	0.991	0.544
PIM1	0.14942080203582553	1	1.182	0.652	0.617	0.559
MED13	0.14630506595761006	1	-0.652	-0.786	0.864	0.533
ELOVL5	0.17121962899846788	1	-0.203	0.074	0.935	0.952
USP3	0.16808124993243867	1	-0.526	0.03	0.836	0.976
FAM217B	0.17072575525525713	1	-0.199	-0.544	0.956	0.704
MRPL34	0.15884920025627824	1	-2.721	0.616	0.377	0.634
RBM26	0.1580430959690189	1	0.512	-0.429	0.896	0.694
HLA-DRB5	0.1390169618529001	1	-0.726	0.235	0.864	0.878
TTC3	0.16934943733918584	1	0.193	-0.54	0.938	0.639
TNFRSF14	0.17368093965133136	1	-0.71	0.81	0.87	0.619
SFT2D2	0.16474060587654493	1	0.629	-1.074	0.821	0.296
ARHGAP30	0.16905076990366763	1	1.035	0.997	0.705	0.401
WAC-AS1	0.14195098140063017	1	0.414	0.277	0.927	0.861
ARID4B	0.19228050414607556	1	0.385	-0.095	0.861	0.932
DDA1	0.14517990554635363	1	-0.248	0.474	0.962	0.737
TADA3	0.14068509167752508	1	1.537	1.203	0.666	0.406
NDUFS7	0.14399038838601208	1	-0.68	0.623	0.869	0.688
RFTN1	0.1691433042602638	1	-0.675	-0.088	0.822	0.954
PFKL	0.150502333173467	1	1.815	1.191	0.62	0.416
C1orf56	-0.17856152975092177	1	-0.164	-3.601	0.97	0.042
DNAJB12	0.1406951346135972	1	0.828	0.752	0.736	0.538
PLEKHA2	0.1561179801833808	1	-0.879	0.036	0.758	0.976
TRAF3IP3	0.17265535889915806	1	-0.317	0.8	0.902	0.425
TCEA1	0.1591162723946784	1	0.033	-0.312	0.991	0.771
PICALM	0.17111303504534064	1	0.861	-0.238	0.678	0.84
CD8A	-0.24339068641089767	1	0.27	-4.088	0.947	0.039
ADI1	0.2050339609899119	1	-2.139	0.83	0.395	0.456
UPF3A	0.16680396415270238	1	0.011	-0.038	0.997	0.973
FBXW5	0.15268199679855043	1	0.541	1.144	0.925	0.514
FLI1	0.15588819337711363	1	1.193	-0.156	0.434	0.893
HTATSF1	0.151651839136837	1	-1.097	0.715	0.708	0.497
CAPN1	0.14770300274031067	1	1.536	1.861	0.67	0.222
LACTB	0.20845073104748413	1	0.558	0.516	0.82	0.72
AHR	0.143511751817202	1	1.163	1.377	0.759	0.251
DERL1	0.1405363223911099	1	0.099	0.103	0.968	0.916
SLC50A1	0.15370737128148754	1	-1.386	0.755	0.555	0.487
KHDRBS1	0.1931785638418173	1	0.607	-0.041	0.828	0.963
EIF4B	0.1450331918833221	1	0.616	0.037	0.82	0.978
IL18R1	0.14480688048133167	1	-0.195	-0.384	0.964	0.775
JUNB	-0.15010304166584043	1	2.095	1.875	0.51	0.19
SIRT7	0.1508444010841723	1	2.196	0.926	0.489	0.357
PRKAA1	0.1558143578628589	1	0.192	-0.331	0.965	0.803
CCNL2	0.15338805296428026	1	1.565	0.892	0.582	0.523
RALA	0.1565048496528214	1	-0.639	0.205	0.767	0.86
RBM38	0.15489952554646352	1	3.418	1.555	0.363	0.299
CENPC	0.1784865783705294	1	-0.69	0.054	0.766	0.966
CD4	0.15209615470815807	1	-0.687	1.604	0.916	0.099
CHMP5	0.17367518196917886	1	-0.272	0.388	0.927	0.751
SCAF11	0.13945040313741996	1	-0.676	-0.538	0.752	0.551
KDM2A	0.1391038999667812	1	0.244	0.108	0.931	0.928
YARS	0.1826113876257585	1	0.107	1.01	0.977	0.263
UHRF2	0.1705414723492054	1	1.254	0.249	0.613	0.811
EIF3H	0.14227587999737334	1	-0.976	0.301	0.557	0.765
UBE3A	0.1539902458431015	1	0.297	-0.255	0.933	0.811
CASP3	0.1730020057656141	1	-0.757	0.062	0.798	0.96
YWHAB	0.14510482149387105	1	-0.623	0.092	0.766	0.929
ELF2	0.17776429680507244	1	0.234	-0.056	0.935	0.958
NDE1	0.1504002513037197	1	1.661	0.213	0.484	0.903
CLECL1	-0.19963626504952636	1	-0.119	0.086	0.983	0.945
NUDT22	0.1528498264717909	1	0.438	0.877	0.917	0.538
NDUFB5	0.1421030508813398	1	-1.038	0.588	0.408	0.64
RPA2	-0.13811719018303803	1	0.143	1.344	0.951	0.213
VPS36	0.14896548145540156	1	-0.529	-0.686	0.687	0.456
HIF1A	0.18046868486398135	1	-0.861	-0.036	0.737	0.976
KXD1	0.14914369540499173	1	-0.093	1.192	0.985	0.292
PURA	0.17264033251028477	1	0.942	0.262	0.72	0.844
ARIH2	0.18056309763376233	1	0.53	0.475	0.853	0.665
CORO1B	0.16166331350831814	1	-1.493	1.388	0.693	0.301
HAGH	0.14406454289167747	1	-0.452	1.088	0.927	0.513
DDRGK1	0.14263108553903203	1	1.479	1.077	0.701	0.547
SUPT20H	0.15221598701330513	1	0.191	-0.554	0.96	0.608
PPP2R3C	0.15474149853881514	1	0.486	-0.066	0.901	0.962
IL10RA	0.1585165775490256	1	1.613	0.81	0.363	0.413
GABARAPL1	0.16310214048578753	1	0.214	0.135	0.947	0.919
KRCC1	0.15476803360758462	1	-1.102	-0.168	0.559	0.885
PHF14	0.14502044680235804	1	-0.321	0.543	0.917	0.63
GSTK1	0.16628237608782315	1	0.219	1.267	0.952	0.218
VCP	0.14266002009360423	1	1.217	1.62	0.663	0.197
MTSS1	0.1536315825691797	1	-0.249	-0.873	0.951	0.445
FBXL20	0.14247635215708643	1	0.106	-1.397	0.978	0.268
AP2M1	0.1457989500153858	1	-0.078	1.35	0.987	0.219
C6orf62	0.1498115013030934	1	0.022	0.979	0.996	0.306
XRN1	0.14337453336677675	1	-0.354	-0.72	0.942	0.518
HLA-F	0.14037165263662257	1	0.228	0.765	0.938	0.489
SPTSSA	0.14423977767829138	1	-0.435	0.537	0.89	0.725
CCDC88C	0.15923850050829613	1	0.766	0.082	0.63	0.945
CLIP1	0.17226141071963474	1	-0.039	-0.452	0.992	0.706
CRBN	0.14856116082199788	1	-1.095	0.188	0.583	0.89
SYNCRIP	0.16738215956244729	1	0.332	0.607	0.842	0.559
TMEM140	0.14692091848522293	1	0.374	0.62	0.937	0.623
SPCS3	0.1481712138470448	1	-1.788	-0.799	0.363	0.43
FTX	0.17120659659519089	1	-0.38	-2.991	0.946	0.039
RNASEH2B	0.1545049632723403	1	-0.338	-0.097	0.866	0.938
METTL23	0.16148357813529468	1	-0.344	0.405	0.853	0.747
MGAT4B	0.1505374745870202	1	0.557	1.196	0.918	0.464
PIM3	0.16472140107984057	1	2.165	2.428	0.484	0.085
CMTM6	0.16075348476766438	1	-0.056	-0.598	0.984	0.538
SENP6	0.14526963970616957	1	-0.153	-0.634	0.973	0.66
ILF3	0.14510418253358637	1	1.114	0.223	0.613	0.867
SERINC5	0.16970309875982098	1	-0.235	-0.79	0.948	0.495
OFD1	0.1789909872343945	1	-0.674	-0.181	0.769	0.874
PPP2R5A	0.13972082767922656	1	0.469	-0.011	0.89	0.993
TGIF1	0.17440027744197595	1	-0.749	0.767	0.782	0.475
LENG8	0.1513455038346055	1	1.424	-1.489	0.676	0.372
FKBP1A	0.14110576679372966	1	-0.314	0.597	0.911	0.511
CREM	-0.2287407125009826	1	-1.139	0.227	0.5	0.821
DPF2	0.14684481777902325	1	1.13	1.541	0.619	0.1
EIF3M	0.14659652639665555	1	-0.006	0.544	0.998	0.57
CUEDC2	0.14812408612505285	1	-0.637	1.639	0.824	0.18
VGLL4	0.1590952729112638	1	1.741	-0.986	0.583	0.489
TNIP1	0.1570118337562717	1	0.907	1.378	0.773	0.187
HADHA	0.16136327575985754	1	0.51	1.025	0.888	0.321
PDS5B	0.14096462472002955	1	-0.1	-1.134	0.981	0.356
RTN4	0.1514833449143137	1	1.175	-0.223	0.67	0.831
IRS2	0.1850744991487458	1	0.268	-2.784	0.961	0.046
EHD4	0.1529887896159402	1	1.702	1.129	0.418	0.237
NAAA	0.1579600686660449	1	-0.298	0.511	0.936	0.647
FUT8	0.13775192273520548	1	-0.9	-0.659	0.82	0.688
RBM33	0.13972897351468627	1	0.731	0.671	0.802	0.504
ENTPD1	0.2411739922557783	1	-0.258	-1.174	0.962	0.436
GOPC	0.14762556904588653	1	0.85	0.609	0.797	0.636
PSMD7	0.14729734052104893	1	-0.329	0.64	0.918	0.564
ATAD2	0.15501599293855933	1	-0.615	-0.309	0.87	0.81
USP22	0.13833900526241838	1	-1.167	-0.161	0.752	0.925
PRKACB	0.16562913003169832	1	0.522	0.199	0.906	0.898
TRAPPC6A	0.1517551738480983	1	-0.595	1.017	0.886	0.42
PGP	0.1589436939791774	1	-0.217	1.225	0.974	0.489
SMC5	0.1693996143884949	1	0.001	-0.107	1	0.924
ETF1	0.1436163680943947	1	0.098	-0.44	0.974	0.638
VMP1	0.20355626201916557	1	-0.109	-0.142	0.975	0.899
OS9	0.15509873503604443	1	1.378	1.812	0.611	0.111
ZBTB25	0.14985996882809716	1	-0.19	-0.425	0.947	0.74
METRNL	-0.16418230988160387	1	-0.637	1.187	0.893	0.441
SFSWAP	0.16520370655794336	1	0.282	-0.161	0.962	0.903
APH1A	0.1572301868485666	1	-0.764	-0.192	0.882	0.906
GPBP1	0.13782282033732374	1	-0.683	-0.166	0.758	0.893
CCND3	0.16930443099332693	1	0.911	0.792	0.737	0.501
SF3A2	-0.14685028655597382	1	1.765	1.526	0.693	0.304
SMC6	0.15075836662710468	1	-0.82	-1.548	0.712	0.175
OGDH	0.15611874149604887	1	-0.165	-0.163	0.965	0.909
GON4L	0.1526252642588366	1	0.063	-0.449	0.987	0.659
SLC6A6	0.17706516535259975	1	2.189	-0.245	0.342	0.879
TMED4	0.1736943328744599	1	0.638	0.475	0.79	0.697
ZDBF2	0.13990440499142495	1	0.631	-2.292	0.867	0.154
CSNK1G2	0.17374105091828496	1	0.792	0.777	0.871	0.682
TTC14	0.1641592118424171	1	-0.288	0.026	0.95	0.986
TPP1	0.1509730178402111	1	1.581	1.068	0.376	0.26
TOP1	0.16028706801975856	1	0.123	0.209	0.969	0.851
BFAR	0.1480586749949751	1	0.585	-0.038	0.86	0.978
ARID4A	0.1869259477752343	1	0.064	-0.191	0.987	0.843
CFAP97	0.14274973952166248	1	-1.147	-0.631	0.557	0.511
YAF2	0.19026949793326775	1	-1.076	-0.15	0.724	0.893
TIA1	0.1377738583315043	1	0.397	-0.109	0.911	0.922
MTHFD2	0.14290561028834575	1	0.053	-0.381	0.991	0.688
MEF2A	0.13970618078639735	1	-1.422	-0.817	0.702	0.593
GBP5	0.14885429834918562	1	-0.467	-0.178	0.862	0.898
TMEM70	0.17093036113455584	1	-0.873	0.303	0.739	0.818
TAF3	0.14035261444194713	1	1.175	0.478	0.766	0.706
COX5A	0.13767064607767354	1	-0.923	0.528	0.759	0.707
SRP72	0.14780293494625252	1	0.265	1.068	0.945	0.254
DNAJB14	0.14841534021778036	1	0.051	-0.259	0.99	0.822
CHORDC1	0.15530102949384716	1	0.247	-0.233	0.947	0.862
CDC5L	0.1404989315189098	1	-0.275	0.19	0.937	0.878
NCKAP1L	0.1388567789787334	1	-0.204	-0.154	0.961	0.893
LONP2	0.1411564395198352	1	0.886	-0.675	0.613	0.578
CAPN7	0.16159159788299937	1	0.04	0.16	0.991	0.901
GPATCH2L	0.14173256451488925	1	0.035	-0.283	0.993	0.814
ARMCX6	0.15310914677673348	1	-0.334	0.379	0.938	0.771
STT3B	0.14173472549100208	1	0.156	0.01	0.968	0.993
REXO2	0.14760327253154193	1	-1.389	-0.042	0.473	0.968
GNA13	0.16040192008597032	1	0.528	0.149	0.896	0.899
ZNF330	0.14824779053452464	1	-0.363	-0.695	0.919	0.597
EIF3J	0.15349076835347697	1	-0.107	-0.193	0.967	0.874
MRPS11	0.14008859361065773	1	-1.421	0.296	0.598	0.802
RAB11FIP1	0.17536791254201434	1	2.637	0.292	0.369	0.871
ATXN2	0.16741141880216082	1	-0.14	-0.921	0.967	0.368
CKAP2	0.15059787150876147	1	-0.156	-0.484	0.973	0.653
CWC25	0.15968308391333386	1	0.195	0.558	0.96	0.567
ABTB1	0.13756369766064797	1	1.256	1.252	0.752	0.369
TRABD	0.13904426764609	1	0.962	1.806	0.846	0.287
CSNK2A2	0.16526830191651545	1	0.505	-0.153	0.896	0.906
ID2	0.15496225649493023	1	-0.797	0.342	0.697	0.76
SMIM19	0.1678600913389856	1	-2.256	0.315	0.385	0.759
KAT6B	0.14155189961142678	1	1.285	-0.473	0.598	0.716
SCP2	0.15834162613521363	1	-0.122	0.309	0.976	0.825
CLK1	-0.1428505518005977	1	-0.12	-0.435	0.969	0.726
STK10	0.15116882630333806	1	2.203	1.354	0.385	0.202
NUPL2	0.1406659454199593	1	-0.463	0.407	0.857	0.641
C12orf76	0.15156205962734826	1	-0.257	0.021	0.948	0.987
EVI2B	0.16151595823628395	1	-0.352	-0.483	0.934	0.702
SF3B3	0.13832664532772854	1	0.431	0.459	0.9	0.76
PNKD	0.16107161687416527	1	-0.36	0.974	0.911	0.364
ANTXR2	0.1687374783364174	1	0.64	0.293	0.81	0.808
RSRC2	0.14752899052669632	1	-0.446	0.224	0.824	0.837
AKR7A2	0.14205531774953417	1	0.386	1.373	0.945	0.389
PHLDA2	0.16046725654924707	1	-0.678	1.48	0.913	0.406
OPTN	0.1503383188052696	1	0.197	0.913	0.951	0.289
DCTN6	0.14289045960750524	1	-0.462	0.069	0.905	0.962
TOR1AIP2	0.15258544671135	1	-0.193	-0.528	0.958	0.663
MLX	0.1479173510242589	1	0.15	0.617	0.967	0.526
IMMT	0.16416730865317453	1	0.084	1.097	0.98	0.239
TNFRSF25	0.15709240825246407	1	0.29	0.537	0.966	0.764
C19orf25	0.14854232129624145	1	0.842	0.548	0.837	0.713
PDCL	0.140952624803783	1	-0.002	-0.127	1	0.931
XPC	0.15372451433265877	1	-0.768	0.142	0.852	0.913
QKI	0.15187043965926572	1	0.231	-1.449	0.946	0.143
CSF2	0.14829718763263303	1	-1.642	2.231	0.574	0.097
PLCL2	0.13791153976302128	1	0.625	0.061	0.866	0.969
PRDM2	0.15089709154793152	1	0.293	-0.109	0.911	0.914
SKA2	0.14492614840906315	1	-0.524	0.147	0.873	0.903
UGP2	0.17935396551134275	1	0.52	0.087	0.851	0.943
CLTB	0.14027654661853817	1	0.732	1.29	0.87	0.399
DDHD1	0.1678272540331877	1	1.377	-1.52	0.518	0.212
RHOH	0.1494876689885104	1	0.054	0.73	0.989	0.423
TGFBR3	0.1610764572924398	1	1.652	0.645	0.418	0.479
LRRC75A	0.13913521970585457	1	3.176	-1.778	0.363	0.358
PFKP	0.1455364539845736	1	1.866	1.263	0.431	0.296
DHX29	0.141860526220569	1	-0.225	-0.471	0.932	0.717
VPS13C	0.1560835606805433	1	-0.808	-1.257	0.766	0.185
ZNF644	0.14449376133063108	1	-0.059	-0.728	0.989	0.53
PSMG2	0.14423972021629683	1	-1.394	0.774	0.484	0.47
BLOC1S1	0.13865536917167454	1	-1.625	0.573	0.441	0.585
CISD1	0.1450326232324905	1	-0.685	0.486	0.759	0.671
CDYL	0.14253043225489148	1	1.066	0.503	0.635	0.71
DDX23	0.14361552496046726	1	0.907	0.569	0.776	0.671
FKBP3	0.13998701510806957	1	-1.478	-0.078	0.52	0.946
LIMD2	0.14648198618624053	1	-0.318	1.092	0.943	0.442
FAM76B	0.14493931670663973	1	-0.167	-0.654	0.971	0.678
WBP2	0.141629268126868	1	0.621	0.755	0.866	0.587
RCBTB2	0.2423922002657115	1	-0.526	0.225	0.887	0.872
DNAJC1	0.13917161318859905	1	-0.636	0.41	0.866	0.682
NFIC	0.14351643041798412	1	1.504	-0.041	0.564	0.982
TIGIT	0.3065492943602679	1	0.149	0.657	0.966	0.519
ISCU	0.15841245009945215	1	-2.127	0.314	0.385	0.804
PIK3R1	0.13940643483346815	1	-0.422	0.254	0.88	0.831
FNIP1	0.1378321504974218	1	0.454	-0.558	0.876	0.636
BTG3	0.14049465275923023	1	-0.055	0.167	0.99	0.868
PHPT1	-0.1506762120300631	1	-0.945	1.156	0.753	0.353
LIMA1	0.1617986759002522	1	0.023	-0.947	0.996	0.438
MTERF4	0.15217634586278497	1	0.054	0.338	0.989	0.769
RAB3GAP2	0.14344166871321556	1	0.345	-0.473	0.914	0.68
NSMCE3	0.1450302620599092	1	0.702	1.128	0.859	0.486
SLC9A3R1	0.14076245722900893	1	1.223	1.798	0.668	0.166
CTNNA1	0.14089701241180808	1	-0.051	1.486	0.99	0.159
ZNF267	0.14572597215316418	1	-1.07	-0.036	0.631	0.98
CST7	0.14888502798622572	1	-0.731	0.546	0.824	0.693
HERC5	0.1617090931055598	1	0.667	0.296	0.886	0.785
SNHG7	0.1527328605979692	1	-0.25	0.956	0.951	0.557
